Copyright 1986-2022 Xilinx, Inc. All Rights Reserved. Copyright 2022-2025 Advanced Micro Devices, Inc. All Rights Reserved.
-----------------------------------------------------------------------------------------------------------------------------------------------------------------------------------------------------------
| Tool Version : Vivado v.2025.2 (win64) Build 6299465 Fri Nov 14 19:35:11 GMT 2025
| Date         : Mon Oct  5 10:28:42 2026
| Host         : hp running 64-bit major release  (build 9200)
| Command      : report_timing_summary -max_paths 10 -file Kyber_Client_timing_summary_routed.rpt -pb Kyber_Client_timing_summary_routed.pb -rpx Kyber_Client_timing_summary_routed.rpx -warn_on_violation
| Design       : Kyber_Client
| Device       : 7a12t-cpg238
| Speed File   : -1  PRODUCTION 1.23 2018-06-13
| Design State : Routed
-----------------------------------------------------------------------------------------------------------------------------------------------------------------------------------------------------------

Timing Summary Report

------------------------------------------------------------------------------------------------
| Timer Settings
| --------------
------------------------------------------------------------------------------------------------

  Enable Multi Corner Analysis               :  Yes
  Enable Pessimism Removal                   :  Yes
  Pessimism Removal Resolution               :  Nearest Common Node
  Enable Input Delay Default Clock           :  No
  Enable Preset / Clear Arcs                 :  No
  Disable Flight Delays                      :  No
  Ignore I/O Paths                           :  No
  Timing Early Launch at Borrowing Latches   :  No
  Borrow Time for Max Delay Exceptions       :  Yes
  Merge Timing Exceptions                    :  Yes
  Inter-SLR Compensation                     :  Conservative

  Corner  Analyze    Analyze    
  Name    Max Paths  Min Paths  
  ------  ---------  ---------  
  Slow    Yes        Yes        
  Fast    Yes        Yes        


------------------------------------------------------------------------------------------------
| Report Methodology
| ------------------
------------------------------------------------------------------------------------------------

Rule       Severity  Description                    Violations  
---------  --------  -----------------------------  ----------  
TIMING-18  Warning   Missing input or output delay  75          

Note: This report is based on the most recent report_methodology run and may not be up-to-date. Run report_methodology on the current design for the latest report.



check_timing report

Table of Contents
-----------------
1. checking no_clock (0)
2. checking constant_clock (0)
3. checking pulse_width_clock (0)
4. checking unconstrained_internal_endpoints (0)
5. checking no_input_delay (40)
6. checking no_output_delay (35)
7. checking multiple_clock (0)
8. checking generated_clocks (0)
9. checking loops (0)
10. checking partial_input_delay (0)
11. checking partial_output_delay (0)
12. checking latch_loops (0)

1. checking no_clock (0)
------------------------
 There are 0 register/latch pins with no clock.


2. checking constant_clock (0)
------------------------------
 There are 0 register/latch pins with constant_clock.


3. checking pulse_width_clock (0)
---------------------------------
 There are 0 register/latch pins which need pulse_width check


4. checking unconstrained_internal_endpoints (0)
------------------------------------------------
 There are 0 pins that are not constrained for maximum delay.

 There are 0 pins that are not constrained for maximum delay due to constant clock.


5. checking no_input_delay (40)
-------------------------------
 There are 40 input ports with no input delay specified. (HIGH)

 There are 0 input ports with no input delay but user has a false path constraint.


6. checking no_output_delay (35)
--------------------------------
 There are 35 ports with no output delay specified. (HIGH)

 There are 0 ports with no output delay but user has a false path constraint

 There are 0 ports with no output delay but with a timing clock defined on it or propagating through it


7. checking multiple_clock (0)
------------------------------
 There are 0 register/latch pins with multiple clocks.


8. checking generated_clocks (0)
--------------------------------
 There are 0 generated clocks that are not connected to a clock source.


9. checking loops (0)
---------------------
 There are 0 combinational loops in the design.


10. checking partial_input_delay (0)
------------------------------------
 There are 0 input ports with partial input delay specified.


11. checking partial_output_delay (0)
-------------------------------------
 There are 0 ports with partial output delay specified.


12. checking latch_loops (0)
----------------------------
 There are 0 combinational latch loops in the design through latch input



------------------------------------------------------------------------------------------------
| Design Timing Summary
| ---------------------
------------------------------------------------------------------------------------------------

    WNS(ns)      TNS(ns)  TNS Failing Endpoints  TNS Total Endpoints      WHS(ns)      THS(ns)  THS Failing Endpoints  THS Total Endpoints     WPWS(ns)     TPWS(ns)  TPWS Failing Endpoints  TPWS Total Endpoints  
    -------      -------  ---------------------  -------------------      -------      -------  ---------------------  -------------------     --------     --------  ----------------------  --------------------  
     -0.267       -1.280                     10                17612        0.038        0.000                      0                17612        1.750        0.000                       0                  5365  


Timing constraints are not met.


------------------------------------------------------------------------------------------------
| Clock Summary
| -------------
------------------------------------------------------------------------------------------------

Clock  Waveform(ns)         Period(ns)      Frequency(MHz)
-----  ------------         ----------      --------------
clk    {0.000 3.000}        6.000           166.667         


------------------------------------------------------------------------------------------------
| Intra Clock Table
| -----------------
------------------------------------------------------------------------------------------------

Clock             WNS(ns)      TNS(ns)  TNS Failing Endpoints  TNS Total Endpoints      WHS(ns)      THS(ns)  THS Failing Endpoints  THS Total Endpoints     WPWS(ns)     TPWS(ns)  TPWS Failing Endpoints  TPWS Total Endpoints  
-----             -------      -------  ---------------------  -------------------      -------      -------  ---------------------  -------------------     --------     --------  ----------------------  --------------------  
clk                -0.267       -1.280                     10                17612        0.038        0.000                      0                17612        1.750        0.000                       0                  5365  


------------------------------------------------------------------------------------------------
| Inter Clock Table
| -----------------
------------------------------------------------------------------------------------------------

From Clock    To Clock          WNS(ns)      TNS(ns)  TNS Failing Endpoints  TNS Total Endpoints      WHS(ns)      THS(ns)  THS Failing Endpoints  THS Total Endpoints  
----------    --------          -------      -------  ---------------------  -------------------      -------      -------  ---------------------  -------------------  


------------------------------------------------------------------------------------------------
| Other Path Groups Table
| -----------------------
------------------------------------------------------------------------------------------------

Path Group    From Clock    To Clock          WNS(ns)      TNS(ns)  TNS Failing Endpoints  TNS Total Endpoints      WHS(ns)      THS(ns)  THS Failing Endpoints  THS Total Endpoints  
----------    ----------    --------          -------      -------  ---------------------  -------------------      -------      -------  ---------------------  -------------------  


------------------------------------------------------------------------------------------------
| Timing Details
| --------------
------------------------------------------------------------------------------------------------


---------------------------------------------------------------------------------------------------
From Clock:  clk
  To Clock:  clk

Setup :           10  Failing Endpoints,  Worst Slack       -0.267ns,  Total Violation       -1.280ns
Hold  :            0  Failing Endpoints,  Worst Slack        0.038ns,  Total Violation        0.000ns
PW    :            0  Failing Endpoints,  Worst Slack        1.750ns,  Total Violation        0.000ns
---------------------------------------------------------------------------------------------------


Max Delay Paths
--------------------------------------------------------------------------------------
Slack (VIOLATED) :        -0.267ns  (required time - arrival time)
  Source:                 ntt/ctrl_butt_reg[2]/C
                            (rising edge-triggered cell FDRE clocked by clk  {rise@0.000ns fall@3.000ns period=6.000ns})
  Destination:            ntt/BU/sum_in1_reg_reg[8]/D
                            (rising edge-triggered cell FDRE clocked by clk  {rise@0.000ns fall@3.000ns period=6.000ns})
  Path Group:             clk
  Path Type:              Setup (Max at Slow Process Corner)
  Requirement:            6.000ns  (clk rise@6.000ns - clk rise@0.000ns)
  Data Path Delay:        6.150ns  (logic 3.306ns (53.753%)  route 2.844ns (46.247%))
  Logic Levels:           9  (CARRY4=5 LUT4=2 LUT5=2)
  Clock Path Skew:        -0.113ns (DCD - SCD + CPR)
    Destination Clock Delay (DCD):    4.193ns = ( 10.193 - 6.000 ) 
    Source Clock Delay      (SCD):    4.556ns
    Clock Pessimism Removal (CPR):    0.250ns
  Clock Uncertainty:      0.035ns  ((TSJ^2 + TIJ^2)^1/2 + DJ) / 2 + PE
    Total System Jitter     (TSJ):    0.071ns
    Total Input Jitter      (TIJ):    0.000ns
    Discrete Jitter          (DJ):    0.000ns
    Phase Error              (PE):    0.000ns

    Location             Delay type                Incr(ns)  Path(ns)    Netlist Resource(s)
  -------------------------------------------------------------------    -------------------
                         (clock clk rise edge)        0.000     0.000 r  
    K18                                               0.000     0.000 r  clk (IN)
                         net (fo=0)                   0.000     0.000    clk
    K18                  IBUF (Prop_ibuf_I_O)         0.931     0.931 r  clk_IBUF_inst/O
                         net (fo=1, routed)           1.966     2.896    clk_IBUF
    BUFGCTRL_X0Y0        BUFG (Prop_bufg_I_O)         0.096     2.992 r  clk_IBUF_BUFG_inst/O
                         net (fo=5366, routed)        1.563     4.556    ntt/clk_IBUF_BUFG
    SLICE_X17Y0          FDRE                                         r  ntt/ctrl_butt_reg[2]/C
  -------------------------------------------------------------------    -------------------
    SLICE_X17Y0          FDRE (Prop_fdre_C_Q)         0.456     5.012 r  ntt/ctrl_butt_reg[2]/Q
                         net (fo=103, routed)         0.891     5.903    ntt/BU/flag_sr_r1_reg[3]_0[2]
    SLICE_X16Y1          LUT4 (Prop_lut4_I0_O)        0.152     6.055 r  ntt/BU/sum_in1__0_carry__1_i_9/O
                         net (fo=1, routed)           0.447     6.502    ntt/BU/sum_in1__0_carry__1_i_9_n_0
    SLICE_X20Y2          LUT5 (Prop_lut5_I0_O)        0.326     6.828 r  ntt/BU/sum_in1__0_carry__1_i_7/O
                         net (fo=1, routed)           0.000     6.828    ntt/BU/sum_in1__0_carry__1_i_7_n_0
    SLICE_X20Y2          CARRY4 (Prop_carry4_S[1]_CO[3])
                                                      0.550     7.378 r  ntt/BU/sum_in1__0_carry__1/CO[3]
                         net (fo=1, routed)           0.000     7.378    ntt/BU/sum_in1__0_carry__1_n_0
    SLICE_X20Y3          CARRY4 (Prop_carry4_CI_O[0])
                                                      0.222     7.600 r  ntt/BU/sum_in1__0_carry__2/O[0]
                         net (fo=7, routed)           0.657     8.257    ntt/BU/sum_in1[12]
    SLICE_X19Y1          LUT4 (Prop_lut4_I3_O)        0.299     8.556 r  ntt/BU/sum_in1_q_carry_i_1/O
                         net (fo=1, routed)           0.000     8.556    ntt/BU/sum_in1_q_carry_i_1_n_0
    SLICE_X19Y1          CARRY4 (Prop_carry4_S[1]_CO[3])
                                                      0.550     9.106 r  ntt/BU/sum_in1_q_carry/CO[3]
                         net (fo=1, routed)           0.000     9.106    ntt/BU/sum_in1_q_carry_n_0
    SLICE_X19Y2          CARRY4 (Prop_carry4_CI_CO[3])
                                                      0.114     9.220 r  ntt/BU/sum_in1_q_carry__0/CO[3]
                         net (fo=1, routed)           0.000     9.220    ntt/BU/sum_in1_q_carry__0_n_0
    SLICE_X19Y3          CARRY4 (Prop_carry4_CI_O[1])
                                                      0.334     9.554 r  ntt/BU/sum_in1_q_carry__1/O[1]
                         net (fo=2, routed)           0.849    10.403    ntt/BU/sum_in1_q[9]
    SLICE_X15Y4          LUT5 (Prop_lut5_I2_O)        0.303    10.706 r  ntt/BU/sum_in1_reg[8]_i_1/O
                         net (fo=1, routed)           0.000    10.706    ntt/BU/sum_in1_reg[8]_i_1_n_0
    SLICE_X15Y4          FDRE                                         r  ntt/BU/sum_in1_reg_reg[8]/D
  -------------------------------------------------------------------    -------------------

                         (clock clk rise edge)        6.000     6.000 r  
    K18                                               0.000     6.000 r  clk (IN)
                         net (fo=0)                   0.000     6.000    clk
    K18                  IBUF (Prop_ibuf_I_O)         0.798     6.798 r  clk_IBUF_inst/O
                         net (fo=1, routed)           1.862     8.660    clk_IBUF
    BUFGCTRL_X0Y0        BUFG (Prop_bufg_I_O)         0.091     8.751 r  clk_IBUF_BUFG_inst/O
                         net (fo=5366, routed)        1.442    10.193    ntt/BU/clk_IBUF_BUFG
    SLICE_X15Y4          FDRE                                         r  ntt/BU/sum_in1_reg_reg[8]/C
                         clock pessimism              0.250    10.443    
                         clock uncertainty           -0.035    10.407    
    SLICE_X15Y4          FDRE (Setup_fdre_C_D)        0.032    10.439    ntt/BU/sum_in1_reg_reg[8]
  -------------------------------------------------------------------
                         required time                         10.439    
                         arrival time                         -10.706    
  -------------------------------------------------------------------
                         slack                                 -0.267    

Slack (VIOLATED) :        -0.175ns  (required time - arrival time)
  Source:                 ntt/in0_butt_reg[14]/C
                            (rising edge-triggered cell FDRE clocked by clk  {rise@0.000ns fall@3.000ns period=6.000ns})
  Destination:            ntt/BU/sum_in0_reg_reg[9]/D
                            (rising edge-triggered cell FDRE clocked by clk  {rise@0.000ns fall@3.000ns period=6.000ns})
  Path Group:             clk
  Path Type:              Setup (Max at Slow Process Corner)
  Requirement:            6.000ns  (clk rise@6.000ns - clk rise@0.000ns)
  Data Path Delay:        6.132ns  (logic 3.336ns (54.404%)  route 2.796ns (45.596%))
  Logic Levels:           11  (CARRY4=7 LUT4=1 LUT5=2 LUT6=1)
  Clock Path Skew:        -0.039ns (DCD - SCD + CPR)
    Destination Clock Delay (DCD):    4.195ns = ( 10.195 - 6.000 ) 
    Source Clock Delay      (SCD):    4.556ns
    Clock Pessimism Removal (CPR):    0.322ns
  Clock Uncertainty:      0.035ns  ((TSJ^2 + TIJ^2)^1/2 + DJ) / 2 + PE
    Total System Jitter     (TSJ):    0.071ns
    Total Input Jitter      (TIJ):    0.000ns
    Discrete Jitter          (DJ):    0.000ns
    Phase Error              (PE):    0.000ns

    Location             Delay type                Incr(ns)  Path(ns)    Netlist Resource(s)
  -------------------------------------------------------------------    -------------------
                         (clock clk rise edge)        0.000     0.000 r  
    K18                                               0.000     0.000 r  clk (IN)
                         net (fo=0)                   0.000     0.000    clk
    K18                  IBUF (Prop_ibuf_I_O)         0.931     0.931 r  clk_IBUF_inst/O
                         net (fo=1, routed)           1.966     2.896    clk_IBUF
    BUFGCTRL_X0Y0        BUFG (Prop_bufg_I_O)         0.096     2.992 r  clk_IBUF_BUFG_inst/O
                         net (fo=5366, routed)        1.563     4.556    ntt/clk_IBUF_BUFG
    SLICE_X18Y0          FDRE                                         r  ntt/in0_butt_reg[14]/C
  -------------------------------------------------------------------    -------------------
    SLICE_X18Y0          FDRE (Prop_fdre_C_Q)         0.518     5.074 r  ntt/in0_butt_reg[14]/Q
                         net (fo=9, routed)           0.984     6.057    ntt/BU/sum_in1_reg_reg[11]_0[14]
    SLICE_X16Y3          LUT5 (Prop_lut5_I4_O)        0.149     6.206 r  ntt/BU/sum_in0__0_carry_i_9/O
                         net (fo=1, routed)           0.446     6.652    ntt/BU/sum_in0__0_carry_i_9_n_0
    SLICE_X17Y1          LUT6 (Prop_lut6_I0_O)        0.332     6.984 r  ntt/BU/sum_in0__0_carry_i_6/O
                         net (fo=1, routed)           0.000     6.984    ntt/BU/sum_in0__0_carry_i_6_n_0
    SLICE_X17Y1          CARRY4 (Prop_carry4_S[2]_CO[3])
                                                      0.398     7.382 r  ntt/BU/sum_in0__0_carry/CO[3]
                         net (fo=1, routed)           0.000     7.382    ntt/BU/sum_in0__0_carry_n_0
    SLICE_X17Y2          CARRY4 (Prop_carry4_CI_CO[3])
                                                      0.114     7.496 r  ntt/BU/sum_in0__0_carry__0/CO[3]
                         net (fo=1, routed)           0.000     7.496    ntt/BU/sum_in0__0_carry__0_n_0
    SLICE_X17Y3          CARRY4 (Prop_carry4_CI_CO[3])
                                                      0.114     7.610 r  ntt/BU/sum_in0__0_carry__1/CO[3]
                         net (fo=1, routed)           0.000     7.610    ntt/BU/sum_in0__0_carry__1_n_0
    SLICE_X17Y4          CARRY4 (Prop_carry4_CI_O[0])
                                                      0.222     7.832 r  ntt/BU/sum_in0__0_carry__2/O[0]
                         net (fo=7, routed)           0.771     8.602    ntt/BU/sum_in0[12]
    SLICE_X18Y2          LUT4 (Prop_lut4_I3_O)        0.299     8.901 r  ntt/BU/sum_in0_q_carry_i_1/O
                         net (fo=1, routed)           0.000     8.901    ntt/BU/sum_in0_q_carry_i_1_n_0
    SLICE_X18Y2          CARRY4 (Prop_carry4_S[1]_CO[3])
                                                      0.533     9.434 r  ntt/BU/sum_in0_q_carry/CO[3]
                         net (fo=1, routed)           0.000     9.434    ntt/BU/sum_in0_q_carry_n_0
    SLICE_X18Y3          CARRY4 (Prop_carry4_CI_CO[3])
                                                      0.117     9.551 r  ntt/BU/sum_in0_q_carry__0/CO[3]
                         net (fo=1, routed)           0.000     9.551    ntt/BU/sum_in0_q_carry__0_n_0
    SLICE_X18Y4          CARRY4 (Prop_carry4_CI_O[2])
                                                      0.239     9.790 r  ntt/BU/sum_in0_q_carry__1/O[2]
                         net (fo=2, routed)           0.596    10.387    ntt/BU/sum_in0_q[10]
    SLICE_X21Y5          LUT5 (Prop_lut5_I2_O)        0.301    10.688 r  ntt/BU/sum_in0_reg[9]_i_1/O
                         net (fo=1, routed)           0.000    10.688    ntt/BU/sum_in0_reg[9]_i_1_n_0
    SLICE_X21Y5          FDRE                                         r  ntt/BU/sum_in0_reg_reg[9]/D
  -------------------------------------------------------------------    -------------------

                         (clock clk rise edge)        6.000     6.000 r  
    K18                                               0.000     6.000 r  clk (IN)
                         net (fo=0)                   0.000     6.000    clk
    K18                  IBUF (Prop_ibuf_I_O)         0.798     6.798 r  clk_IBUF_inst/O
                         net (fo=1, routed)           1.862     8.660    clk_IBUF
    BUFGCTRL_X0Y0        BUFG (Prop_bufg_I_O)         0.091     8.751 r  clk_IBUF_BUFG_inst/O
                         net (fo=5366, routed)        1.444    10.195    ntt/BU/clk_IBUF_BUFG
    SLICE_X21Y5          FDRE                                         r  ntt/BU/sum_in0_reg_reg[9]/C
                         clock pessimism              0.322    10.517    
                         clock uncertainty           -0.035    10.481    
    SLICE_X21Y5          FDRE (Setup_fdre_C_D)        0.031    10.512    ntt/BU/sum_in0_reg_reg[9]
  -------------------------------------------------------------------
                         required time                         10.512    
                         arrival time                         -10.688    
  -------------------------------------------------------------------
                         slack                                 -0.175    

Slack (VIOLATED) :        -0.134ns  (required time - arrival time)
  Source:                 ntt/ctrl_butt_reg[2]/C
                            (rising edge-triggered cell FDRE clocked by clk  {rise@0.000ns fall@3.000ns period=6.000ns})
  Destination:            ntt/BU/sum_in1_reg_reg[10]/D
                            (rising edge-triggered cell FDRE clocked by clk  {rise@0.000ns fall@3.000ns period=6.000ns})
  Path Group:             clk
  Path Type:              Setup (Max at Slow Process Corner)
  Requirement:            6.000ns  (clk rise@6.000ns - clk rise@0.000ns)
  Data Path Delay:        6.016ns  (logic 3.288ns (54.658%)  route 2.728ns (45.342%))
  Logic Levels:           9  (CARRY4=5 LUT4=2 LUT5=2)
  Clock Path Skew:        -0.112ns (DCD - SCD + CPR)
    Destination Clock Delay (DCD):    4.194ns = ( 10.194 - 6.000 ) 
    Source Clock Delay      (SCD):    4.556ns
    Clock Pessimism Removal (CPR):    0.250ns
  Clock Uncertainty:      0.035ns  ((TSJ^2 + TIJ^2)^1/2 + DJ) / 2 + PE
    Total System Jitter     (TSJ):    0.071ns
    Total Input Jitter      (TIJ):    0.000ns
    Discrete Jitter          (DJ):    0.000ns
    Phase Error              (PE):    0.000ns

    Location             Delay type                Incr(ns)  Path(ns)    Netlist Resource(s)
  -------------------------------------------------------------------    -------------------
                         (clock clk rise edge)        0.000     0.000 r  
    K18                                               0.000     0.000 r  clk (IN)
                         net (fo=0)                   0.000     0.000    clk
    K18                  IBUF (Prop_ibuf_I_O)         0.931     0.931 r  clk_IBUF_inst/O
                         net (fo=1, routed)           1.966     2.896    clk_IBUF
    BUFGCTRL_X0Y0        BUFG (Prop_bufg_I_O)         0.096     2.992 r  clk_IBUF_BUFG_inst/O
                         net (fo=5366, routed)        1.563     4.556    ntt/clk_IBUF_BUFG
    SLICE_X17Y0          FDRE                                         r  ntt/ctrl_butt_reg[2]/C
  -------------------------------------------------------------------    -------------------
    SLICE_X17Y0          FDRE (Prop_fdre_C_Q)         0.456     5.012 r  ntt/ctrl_butt_reg[2]/Q
                         net (fo=103, routed)         0.891     5.903    ntt/BU/flag_sr_r1_reg[3]_0[2]
    SLICE_X16Y1          LUT4 (Prop_lut4_I0_O)        0.152     6.055 r  ntt/BU/sum_in1__0_carry__1_i_9/O
                         net (fo=1, routed)           0.447     6.502    ntt/BU/sum_in1__0_carry__1_i_9_n_0
    SLICE_X20Y2          LUT5 (Prop_lut5_I0_O)        0.326     6.828 r  ntt/BU/sum_in1__0_carry__1_i_7/O
                         net (fo=1, routed)           0.000     6.828    ntt/BU/sum_in1__0_carry__1_i_7_n_0
    SLICE_X20Y2          CARRY4 (Prop_carry4_S[1]_CO[3])
                                                      0.550     7.378 r  ntt/BU/sum_in1__0_carry__1/CO[3]
                         net (fo=1, routed)           0.000     7.378    ntt/BU/sum_in1__0_carry__1_n_0
    SLICE_X20Y3          CARRY4 (Prop_carry4_CI_O[0])
                                                      0.222     7.600 r  ntt/BU/sum_in1__0_carry__2/O[0]
                         net (fo=7, routed)           0.657     8.257    ntt/BU/sum_in1[12]
    SLICE_X19Y1          LUT4 (Prop_lut4_I3_O)        0.299     8.556 r  ntt/BU/sum_in1_q_carry_i_1/O
                         net (fo=1, routed)           0.000     8.556    ntt/BU/sum_in1_q_carry_i_1_n_0
    SLICE_X19Y1          CARRY4 (Prop_carry4_S[1]_CO[3])
                                                      0.550     9.106 r  ntt/BU/sum_in1_q_carry/CO[3]
                         net (fo=1, routed)           0.000     9.106    ntt/BU/sum_in1_q_carry_n_0
    SLICE_X19Y2          CARRY4 (Prop_carry4_CI_CO[3])
                                                      0.114     9.220 r  ntt/BU/sum_in1_q_carry__0/CO[3]
                         net (fo=1, routed)           0.000     9.220    ntt/BU/sum_in1_q_carry__0_n_0
    SLICE_X19Y3          CARRY4 (Prop_carry4_CI_O[3])
                                                      0.313     9.533 r  ntt/BU/sum_in1_q_carry__1/O[3]
                         net (fo=2, routed)           0.732    10.265    ntt/BU/sum_in1_q[11]
    SLICE_X15Y2          LUT5 (Prop_lut5_I2_O)        0.306    10.571 r  ntt/BU/sum_in1_reg[10]_i_1/O
                         net (fo=1, routed)           0.000    10.571    ntt/BU/sum_in1_reg[10]_i_1_n_0
    SLICE_X15Y2          FDRE                                         r  ntt/BU/sum_in1_reg_reg[10]/D
  -------------------------------------------------------------------    -------------------

                         (clock clk rise edge)        6.000     6.000 r  
    K18                                               0.000     6.000 r  clk (IN)
                         net (fo=0)                   0.000     6.000    clk
    K18                  IBUF (Prop_ibuf_I_O)         0.798     6.798 r  clk_IBUF_inst/O
                         net (fo=1, routed)           1.862     8.660    clk_IBUF
    BUFGCTRL_X0Y0        BUFG (Prop_bufg_I_O)         0.091     8.751 r  clk_IBUF_BUFG_inst/O
                         net (fo=5366, routed)        1.443    10.194    ntt/BU/clk_IBUF_BUFG
    SLICE_X15Y2          FDRE                                         r  ntt/BU/sum_in1_reg_reg[10]/C
                         clock pessimism              0.250    10.444    
                         clock uncertainty           -0.035    10.408    
    SLICE_X15Y2          FDRE (Setup_fdre_C_D)        0.029    10.437    ntt/BU/sum_in1_reg_reg[10]
  -------------------------------------------------------------------
                         required time                         10.437    
                         arrival time                         -10.571    
  -------------------------------------------------------------------
                         slack                                 -0.134    

Slack (VIOLATED) :        -0.131ns  (required time - arrival time)
  Source:                 ntt/in0_butt_reg[14]/C
                            (rising edge-triggered cell FDRE clocked by clk  {rise@0.000ns fall@3.000ns period=6.000ns})
  Destination:            ntt/BU/sum_in0_reg_reg[7]/D
                            (rising edge-triggered cell FDRE clocked by clk  {rise@0.000ns fall@3.000ns period=6.000ns})
  Path Group:             clk
  Path Type:              Setup (Max at Slow Process Corner)
  Requirement:            6.000ns  (clk rise@6.000ns - clk rise@0.000ns)
  Data Path Delay:        6.088ns  (logic 3.301ns (54.220%)  route 2.787ns (45.780%))
  Logic Levels:           10  (CARRY4=6 LUT4=1 LUT5=2 LUT6=1)
  Clock Path Skew:        -0.039ns (DCD - SCD + CPR)
    Destination Clock Delay (DCD):    4.195ns = ( 10.195 - 6.000 ) 
    Source Clock Delay      (SCD):    4.556ns
    Clock Pessimism Removal (CPR):    0.322ns
  Clock Uncertainty:      0.035ns  ((TSJ^2 + TIJ^2)^1/2 + DJ) / 2 + PE
    Total System Jitter     (TSJ):    0.071ns
    Total Input Jitter      (TIJ):    0.000ns
    Discrete Jitter          (DJ):    0.000ns
    Phase Error              (PE):    0.000ns

    Location             Delay type                Incr(ns)  Path(ns)    Netlist Resource(s)
  -------------------------------------------------------------------    -------------------
                         (clock clk rise edge)        0.000     0.000 r  
    K18                                               0.000     0.000 r  clk (IN)
                         net (fo=0)                   0.000     0.000    clk
    K18                  IBUF (Prop_ibuf_I_O)         0.931     0.931 r  clk_IBUF_inst/O
                         net (fo=1, routed)           1.966     2.896    clk_IBUF
    BUFGCTRL_X0Y0        BUFG (Prop_bufg_I_O)         0.096     2.992 r  clk_IBUF_BUFG_inst/O
                         net (fo=5366, routed)        1.563     4.556    ntt/clk_IBUF_BUFG
    SLICE_X18Y0          FDRE                                         r  ntt/in0_butt_reg[14]/C
  -------------------------------------------------------------------    -------------------
    SLICE_X18Y0          FDRE (Prop_fdre_C_Q)         0.518     5.074 r  ntt/in0_butt_reg[14]/Q
                         net (fo=9, routed)           0.984     6.057    ntt/BU/sum_in1_reg_reg[11]_0[14]
    SLICE_X16Y3          LUT5 (Prop_lut5_I4_O)        0.149     6.206 r  ntt/BU/sum_in0__0_carry_i_9/O
                         net (fo=1, routed)           0.446     6.652    ntt/BU/sum_in0__0_carry_i_9_n_0
    SLICE_X17Y1          LUT6 (Prop_lut6_I0_O)        0.332     6.984 r  ntt/BU/sum_in0__0_carry_i_6/O
                         net (fo=1, routed)           0.000     6.984    ntt/BU/sum_in0__0_carry_i_6_n_0
    SLICE_X17Y1          CARRY4 (Prop_carry4_S[2]_CO[3])
                                                      0.398     7.382 r  ntt/BU/sum_in0__0_carry/CO[3]
                         net (fo=1, routed)           0.000     7.382    ntt/BU/sum_in0__0_carry_n_0
    SLICE_X17Y2          CARRY4 (Prop_carry4_CI_CO[3])
                                                      0.114     7.496 r  ntt/BU/sum_in0__0_carry__0/CO[3]
                         net (fo=1, routed)           0.000     7.496    ntt/BU/sum_in0__0_carry__0_n_0
    SLICE_X17Y3          CARRY4 (Prop_carry4_CI_CO[3])
                                                      0.114     7.610 r  ntt/BU/sum_in0__0_carry__1/CO[3]
                         net (fo=1, routed)           0.000     7.610    ntt/BU/sum_in0__0_carry__1_n_0
    SLICE_X17Y4          CARRY4 (Prop_carry4_CI_O[0])
                                                      0.222     7.832 r  ntt/BU/sum_in0__0_carry__2/O[0]
                         net (fo=7, routed)           0.771     8.602    ntt/BU/sum_in0[12]
    SLICE_X18Y2          LUT4 (Prop_lut4_I3_O)        0.299     8.901 r  ntt/BU/sum_in0_q_carry_i_1/O
                         net (fo=1, routed)           0.000     8.901    ntt/BU/sum_in0_q_carry_i_1_n_0
    SLICE_X18Y2          CARRY4 (Prop_carry4_S[1]_CO[3])
                                                      0.533     9.434 r  ntt/BU/sum_in0_q_carry/CO[3]
                         net (fo=1, routed)           0.000     9.434    ntt/BU/sum_in0_q_carry_n_0
    SLICE_X18Y3          CARRY4 (Prop_carry4_CI_O[3])
                                                      0.315     9.749 r  ntt/BU/sum_in0_q_carry__0/O[3]
                         net (fo=2, routed)           0.587    10.337    ntt/BU/sum_in0_q[7]
    SLICE_X20Y4          LUT5 (Prop_lut5_I0_O)        0.307    10.644 r  ntt/BU/sum_in0_reg[7]_i_1/O
                         net (fo=1, routed)           0.000    10.644    ntt/BU/sum_in0_reg[7]_i_1_n_0
    SLICE_X20Y4          FDRE                                         r  ntt/BU/sum_in0_reg_reg[7]/D
  -------------------------------------------------------------------    -------------------

                         (clock clk rise edge)        6.000     6.000 r  
    K18                                               0.000     6.000 r  clk (IN)
                         net (fo=0)                   0.000     6.000    clk
    K18                  IBUF (Prop_ibuf_I_O)         0.798     6.798 r  clk_IBUF_inst/O
                         net (fo=1, routed)           1.862     8.660    clk_IBUF
    BUFGCTRL_X0Y0        BUFG (Prop_bufg_I_O)         0.091     8.751 r  clk_IBUF_BUFG_inst/O
                         net (fo=5366, routed)        1.444    10.195    ntt/BU/clk_IBUF_BUFG
    SLICE_X20Y4          FDRE                                         r  ntt/BU/sum_in0_reg_reg[7]/C
                         clock pessimism              0.322    10.517    
                         clock uncertainty           -0.035    10.481    
    SLICE_X20Y4          FDRE (Setup_fdre_C_D)        0.031    10.512    ntt/BU/sum_in0_reg_reg[7]
  -------------------------------------------------------------------
                         required time                         10.512    
                         arrival time                         -10.644    
  -------------------------------------------------------------------
                         slack                                 -0.131    

Slack (VIOLATED) :        -0.131ns  (required time - arrival time)
  Source:                 ntt/in0_butt_reg[14]/C
                            (rising edge-triggered cell FDRE clocked by clk  {rise@0.000ns fall@3.000ns period=6.000ns})
  Destination:            ntt/BU/sum_in0_reg_reg[6]/D
                            (rising edge-triggered cell FDRE clocked by clk  {rise@0.000ns fall@3.000ns period=6.000ns})
  Path Group:             clk
  Path Type:              Setup (Max at Slow Process Corner)
  Requirement:            6.000ns  (clk rise@6.000ns - clk rise@0.000ns)
  Data Path Delay:        6.088ns  (logic 3.301ns (54.220%)  route 2.787ns (45.780%))
  Logic Levels:           10  (CARRY4=6 LUT4=1 LUT5=2 LUT6=1)
  Clock Path Skew:        -0.039ns (DCD - SCD + CPR)
    Destination Clock Delay (DCD):    4.195ns = ( 10.195 - 6.000 ) 
    Source Clock Delay      (SCD):    4.556ns
    Clock Pessimism Removal (CPR):    0.322ns
  Clock Uncertainty:      0.035ns  ((TSJ^2 + TIJ^2)^1/2 + DJ) / 2 + PE
    Total System Jitter     (TSJ):    0.071ns
    Total Input Jitter      (TIJ):    0.000ns
    Discrete Jitter          (DJ):    0.000ns
    Phase Error              (PE):    0.000ns

    Location             Delay type                Incr(ns)  Path(ns)    Netlist Resource(s)
  -------------------------------------------------------------------    -------------------
                         (clock clk rise edge)        0.000     0.000 r  
    K18                                               0.000     0.000 r  clk (IN)
                         net (fo=0)                   0.000     0.000    clk
    K18                  IBUF (Prop_ibuf_I_O)         0.931     0.931 r  clk_IBUF_inst/O
                         net (fo=1, routed)           1.966     2.896    clk_IBUF
    BUFGCTRL_X0Y0        BUFG (Prop_bufg_I_O)         0.096     2.992 r  clk_IBUF_BUFG_inst/O
                         net (fo=5366, routed)        1.563     4.556    ntt/clk_IBUF_BUFG
    SLICE_X18Y0          FDRE                                         r  ntt/in0_butt_reg[14]/C
  -------------------------------------------------------------------    -------------------
    SLICE_X18Y0          FDRE (Prop_fdre_C_Q)         0.518     5.074 r  ntt/in0_butt_reg[14]/Q
                         net (fo=9, routed)           0.984     6.057    ntt/BU/sum_in1_reg_reg[11]_0[14]
    SLICE_X16Y3          LUT5 (Prop_lut5_I4_O)        0.149     6.206 r  ntt/BU/sum_in0__0_carry_i_9/O
                         net (fo=1, routed)           0.446     6.652    ntt/BU/sum_in0__0_carry_i_9_n_0
    SLICE_X17Y1          LUT6 (Prop_lut6_I0_O)        0.332     6.984 r  ntt/BU/sum_in0__0_carry_i_6/O
                         net (fo=1, routed)           0.000     6.984    ntt/BU/sum_in0__0_carry_i_6_n_0
    SLICE_X17Y1          CARRY4 (Prop_carry4_S[2]_CO[3])
                                                      0.398     7.382 r  ntt/BU/sum_in0__0_carry/CO[3]
                         net (fo=1, routed)           0.000     7.382    ntt/BU/sum_in0__0_carry_n_0
    SLICE_X17Y2          CARRY4 (Prop_carry4_CI_CO[3])
                                                      0.114     7.496 r  ntt/BU/sum_in0__0_carry__0/CO[3]
                         net (fo=1, routed)           0.000     7.496    ntt/BU/sum_in0__0_carry__0_n_0
    SLICE_X17Y3          CARRY4 (Prop_carry4_CI_CO[3])
                                                      0.114     7.610 r  ntt/BU/sum_in0__0_carry__1/CO[3]
                         net (fo=1, routed)           0.000     7.610    ntt/BU/sum_in0__0_carry__1_n_0
    SLICE_X17Y4          CARRY4 (Prop_carry4_CI_O[0])
                                                      0.222     7.832 r  ntt/BU/sum_in0__0_carry__2/O[0]
                         net (fo=7, routed)           0.771     8.602    ntt/BU/sum_in0[12]
    SLICE_X18Y2          LUT4 (Prop_lut4_I3_O)        0.299     8.901 r  ntt/BU/sum_in0_q_carry_i_1/O
                         net (fo=1, routed)           0.000     8.901    ntt/BU/sum_in0_q_carry_i_1_n_0
    SLICE_X18Y2          CARRY4 (Prop_carry4_S[1]_CO[3])
                                                      0.533     9.434 r  ntt/BU/sum_in0_q_carry/CO[3]
                         net (fo=1, routed)           0.000     9.434    ntt/BU/sum_in0_q_carry_n_0
    SLICE_X18Y3          CARRY4 (Prop_carry4_CI_O[3])
                                                      0.315     9.749 r  ntt/BU/sum_in0_q_carry__0/O[3]
                         net (fo=2, routed)           0.587    10.337    ntt/BU/sum_in0_q[7]
    SLICE_X20Y4          LUT5 (Prop_lut5_I2_O)        0.307    10.644 r  ntt/BU/sum_in0_reg[6]_i_1/O
                         net (fo=1, routed)           0.000    10.644    ntt/BU/sum_in0_reg[6]_i_1_n_0
    SLICE_X20Y4          FDRE                                         r  ntt/BU/sum_in0_reg_reg[6]/D
  -------------------------------------------------------------------    -------------------

                         (clock clk rise edge)        6.000     6.000 r  
    K18                                               0.000     6.000 r  clk (IN)
                         net (fo=0)                   0.000     6.000    clk
    K18                  IBUF (Prop_ibuf_I_O)         0.798     6.798 r  clk_IBUF_inst/O
                         net (fo=1, routed)           1.862     8.660    clk_IBUF
    BUFGCTRL_X0Y0        BUFG (Prop_bufg_I_O)         0.091     8.751 r  clk_IBUF_BUFG_inst/O
                         net (fo=5366, routed)        1.444    10.195    ntt/BU/clk_IBUF_BUFG
    SLICE_X20Y4          FDRE                                         r  ntt/BU/sum_in0_reg_reg[6]/C
                         clock pessimism              0.322    10.517    
                         clock uncertainty           -0.035    10.481    
    SLICE_X20Y4          FDRE (Setup_fdre_C_D)        0.031    10.512    ntt/BU/sum_in0_reg_reg[6]
  -------------------------------------------------------------------
                         required time                         10.512    
                         arrival time                         -10.644    
  -------------------------------------------------------------------
                         slack                                 -0.131    

Slack (VIOLATED) :        -0.111ns  (required time - arrival time)
  Source:                 ntt/in0_butt_reg[14]/C
                            (rising edge-triggered cell FDRE clocked by clk  {rise@0.000ns fall@3.000ns period=6.000ns})
  Destination:            ntt/BU/sum_in0_reg_reg[11]/D
                            (rising edge-triggered cell FDRE clocked by clk  {rise@0.000ns fall@3.000ns period=6.000ns})
  Path Group:             clk
  Path Type:              Setup (Max at Slow Process Corner)
  Requirement:            6.000ns  (clk rise@6.000ns - clk rise@0.000ns)
  Data Path Delay:        6.081ns  (logic 3.427ns (56.353%)  route 2.654ns (43.647%))
  Logic Levels:           12  (CARRY4=8 LUT4=1 LUT5=2 LUT6=1)
  Clock Path Skew:        -0.026ns (DCD - SCD + CPR)
    Destination Clock Delay (DCD):    4.194ns = ( 10.194 - 6.000 ) 
    Source Clock Delay      (SCD):    4.556ns
    Clock Pessimism Removal (CPR):    0.336ns
  Clock Uncertainty:      0.035ns  ((TSJ^2 + TIJ^2)^1/2 + DJ) / 2 + PE
    Total System Jitter     (TSJ):    0.071ns
    Total Input Jitter      (TIJ):    0.000ns
    Discrete Jitter          (DJ):    0.000ns
    Phase Error              (PE):    0.000ns

    Location             Delay type                Incr(ns)  Path(ns)    Netlist Resource(s)
  -------------------------------------------------------------------    -------------------
                         (clock clk rise edge)        0.000     0.000 r  
    K18                                               0.000     0.000 r  clk (IN)
                         net (fo=0)                   0.000     0.000    clk
    K18                  IBUF (Prop_ibuf_I_O)         0.931     0.931 r  clk_IBUF_inst/O
                         net (fo=1, routed)           1.966     2.896    clk_IBUF
    BUFGCTRL_X0Y0        BUFG (Prop_bufg_I_O)         0.096     2.992 r  clk_IBUF_BUFG_inst/O
                         net (fo=5366, routed)        1.563     4.556    ntt/clk_IBUF_BUFG
    SLICE_X18Y0          FDRE                                         r  ntt/in0_butt_reg[14]/C
  -------------------------------------------------------------------    -------------------
    SLICE_X18Y0          FDRE (Prop_fdre_C_Q)         0.518     5.074 r  ntt/in0_butt_reg[14]/Q
                         net (fo=9, routed)           0.984     6.057    ntt/BU/sum_in1_reg_reg[11]_0[14]
    SLICE_X16Y3          LUT5 (Prop_lut5_I4_O)        0.149     6.206 r  ntt/BU/sum_in0__0_carry_i_9/O
                         net (fo=1, routed)           0.446     6.652    ntt/BU/sum_in0__0_carry_i_9_n_0
    SLICE_X17Y1          LUT6 (Prop_lut6_I0_O)        0.332     6.984 r  ntt/BU/sum_in0__0_carry_i_6/O
                         net (fo=1, routed)           0.000     6.984    ntt/BU/sum_in0__0_carry_i_6_n_0
    SLICE_X17Y1          CARRY4 (Prop_carry4_S[2]_CO[3])
                                                      0.398     7.382 r  ntt/BU/sum_in0__0_carry/CO[3]
                         net (fo=1, routed)           0.000     7.382    ntt/BU/sum_in0__0_carry_n_0
    SLICE_X17Y2          CARRY4 (Prop_carry4_CI_CO[3])
                                                      0.114     7.496 r  ntt/BU/sum_in0__0_carry__0/CO[3]
                         net (fo=1, routed)           0.000     7.496    ntt/BU/sum_in0__0_carry__0_n_0
    SLICE_X17Y3          CARRY4 (Prop_carry4_CI_CO[3])
                                                      0.114     7.610 r  ntt/BU/sum_in0__0_carry__1/CO[3]
                         net (fo=1, routed)           0.000     7.610    ntt/BU/sum_in0__0_carry__1_n_0
    SLICE_X17Y4          CARRY4 (Prop_carry4_CI_O[0])
                                                      0.222     7.832 r  ntt/BU/sum_in0__0_carry__2/O[0]
                         net (fo=7, routed)           0.771     8.602    ntt/BU/sum_in0[12]
    SLICE_X18Y2          LUT4 (Prop_lut4_I3_O)        0.299     8.901 r  ntt/BU/sum_in0_q_carry_i_1/O
                         net (fo=1, routed)           0.000     8.901    ntt/BU/sum_in0_q_carry_i_1_n_0
    SLICE_X18Y2          CARRY4 (Prop_carry4_S[1]_CO[3])
                                                      0.533     9.434 r  ntt/BU/sum_in0_q_carry/CO[3]
                         net (fo=1, routed)           0.000     9.434    ntt/BU/sum_in0_q_carry_n_0
    SLICE_X18Y3          CARRY4 (Prop_carry4_CI_CO[3])
                                                      0.117     9.551 r  ntt/BU/sum_in0_q_carry__0/CO[3]
                         net (fo=1, routed)           0.000     9.551    ntt/BU/sum_in0_q_carry__0_n_0
    SLICE_X18Y4          CARRY4 (Prop_carry4_CI_CO[3])
                                                      0.117     9.668 r  ntt/BU/sum_in0_q_carry__1/CO[3]
                         net (fo=1, routed)           0.000     9.668    ntt/BU/sum_in0_q_carry__1_n_0
    SLICE_X18Y5          CARRY4 (Prop_carry4_CI_O[0])
                                                      0.219     9.887 r  ntt/BU/sum_in0_q_carry__2/O[0]
                         net (fo=1, routed)           0.454    10.342    ntt/BU/sum_in0_q[12]
    SLICE_X19Y5          LUT5 (Prop_lut5_I2_O)        0.295    10.637 r  ntt/BU/sum_in0_reg[11]_i_1/O
                         net (fo=1, routed)           0.000    10.637    ntt/BU/sum_in0_reg[11]_i_1_n_0
    SLICE_X19Y5          FDRE                                         r  ntt/BU/sum_in0_reg_reg[11]/D
  -------------------------------------------------------------------    -------------------

                         (clock clk rise edge)        6.000     6.000 r  
    K18                                               0.000     6.000 r  clk (IN)
                         net (fo=0)                   0.000     6.000    clk
    K18                  IBUF (Prop_ibuf_I_O)         0.798     6.798 r  clk_IBUF_inst/O
                         net (fo=1, routed)           1.862     8.660    clk_IBUF
    BUFGCTRL_X0Y0        BUFG (Prop_bufg_I_O)         0.091     8.751 r  clk_IBUF_BUFG_inst/O
                         net (fo=5366, routed)        1.443    10.194    ntt/BU/clk_IBUF_BUFG
    SLICE_X19Y5          FDRE                                         r  ntt/BU/sum_in0_reg_reg[11]/C
                         clock pessimism              0.336    10.530    
                         clock uncertainty           -0.035    10.494    
    SLICE_X19Y5          FDRE (Setup_fdre_C_D)        0.032    10.526    ntt/BU/sum_in0_reg_reg[11]
  -------------------------------------------------------------------
                         required time                         10.526    
                         arrival time                         -10.637    
  -------------------------------------------------------------------
                         slack                                 -0.111    

Slack (VIOLATED) :        -0.110ns  (required time - arrival time)
  Source:                 ntt/in0_butt_reg[14]/C
                            (rising edge-triggered cell FDRE clocked by clk  {rise@0.000ns fall@3.000ns period=6.000ns})
  Destination:            ntt/BU/sum_in0_reg_reg[8]/D
                            (rising edge-triggered cell FDRE clocked by clk  {rise@0.000ns fall@3.000ns period=6.000ns})
  Path Group:             clk
  Path Type:              Setup (Max at Slow Process Corner)
  Requirement:            6.000ns  (clk rise@6.000ns - clk rise@0.000ns)
  Data Path Delay:        6.079ns  (logic 3.425ns (56.339%)  route 2.654ns (43.661%))
  Logic Levels:           11  (CARRY4=7 LUT4=1 LUT5=2 LUT6=1)
  Clock Path Skew:        -0.026ns (DCD - SCD + CPR)
    Destination Clock Delay (DCD):    4.194ns = ( 10.194 - 6.000 ) 
    Source Clock Delay      (SCD):    4.556ns
    Clock Pessimism Removal (CPR):    0.336ns
  Clock Uncertainty:      0.035ns  ((TSJ^2 + TIJ^2)^1/2 + DJ) / 2 + PE
    Total System Jitter     (TSJ):    0.071ns
    Total Input Jitter      (TIJ):    0.000ns
    Discrete Jitter          (DJ):    0.000ns
    Phase Error              (PE):    0.000ns

    Location             Delay type                Incr(ns)  Path(ns)    Netlist Resource(s)
  -------------------------------------------------------------------    -------------------
                         (clock clk rise edge)        0.000     0.000 r  
    K18                                               0.000     0.000 r  clk (IN)
                         net (fo=0)                   0.000     0.000    clk
    K18                  IBUF (Prop_ibuf_I_O)         0.931     0.931 r  clk_IBUF_inst/O
                         net (fo=1, routed)           1.966     2.896    clk_IBUF
    BUFGCTRL_X0Y0        BUFG (Prop_bufg_I_O)         0.096     2.992 r  clk_IBUF_BUFG_inst/O
                         net (fo=5366, routed)        1.563     4.556    ntt/clk_IBUF_BUFG
    SLICE_X18Y0          FDRE                                         r  ntt/in0_butt_reg[14]/C
  -------------------------------------------------------------------    -------------------
    SLICE_X18Y0          FDRE (Prop_fdre_C_Q)         0.518     5.074 r  ntt/in0_butt_reg[14]/Q
                         net (fo=9, routed)           0.984     6.057    ntt/BU/sum_in1_reg_reg[11]_0[14]
    SLICE_X16Y3          LUT5 (Prop_lut5_I4_O)        0.149     6.206 r  ntt/BU/sum_in0__0_carry_i_9/O
                         net (fo=1, routed)           0.446     6.652    ntt/BU/sum_in0__0_carry_i_9_n_0
    SLICE_X17Y1          LUT6 (Prop_lut6_I0_O)        0.332     6.984 r  ntt/BU/sum_in0__0_carry_i_6/O
                         net (fo=1, routed)           0.000     6.984    ntt/BU/sum_in0__0_carry_i_6_n_0
    SLICE_X17Y1          CARRY4 (Prop_carry4_S[2]_CO[3])
                                                      0.398     7.382 r  ntt/BU/sum_in0__0_carry/CO[3]
                         net (fo=1, routed)           0.000     7.382    ntt/BU/sum_in0__0_carry_n_0
    SLICE_X17Y2          CARRY4 (Prop_carry4_CI_CO[3])
                                                      0.114     7.496 r  ntt/BU/sum_in0__0_carry__0/CO[3]
                         net (fo=1, routed)           0.000     7.496    ntt/BU/sum_in0__0_carry__0_n_0
    SLICE_X17Y3          CARRY4 (Prop_carry4_CI_CO[3])
                                                      0.114     7.610 r  ntt/BU/sum_in0__0_carry__1/CO[3]
                         net (fo=1, routed)           0.000     7.610    ntt/BU/sum_in0__0_carry__1_n_0
    SLICE_X17Y4          CARRY4 (Prop_carry4_CI_O[0])
                                                      0.222     7.832 r  ntt/BU/sum_in0__0_carry__2/O[0]
                         net (fo=7, routed)           0.771     8.602    ntt/BU/sum_in0[12]
    SLICE_X18Y2          LUT4 (Prop_lut4_I3_O)        0.299     8.901 r  ntt/BU/sum_in0_q_carry_i_1/O
                         net (fo=1, routed)           0.000     8.901    ntt/BU/sum_in0_q_carry_i_1_n_0
    SLICE_X18Y2          CARRY4 (Prop_carry4_S[1]_CO[3])
                                                      0.533     9.434 r  ntt/BU/sum_in0_q_carry/CO[3]
                         net (fo=1, routed)           0.000     9.434    ntt/BU/sum_in0_q_carry_n_0
    SLICE_X18Y3          CARRY4 (Prop_carry4_CI_CO[3])
                                                      0.117     9.551 r  ntt/BU/sum_in0_q_carry__0/CO[3]
                         net (fo=1, routed)           0.000     9.551    ntt/BU/sum_in0_q_carry__0_n_0
    SLICE_X18Y4          CARRY4 (Prop_carry4_CI_O[1])
                                                      0.323     9.874 r  ntt/BU/sum_in0_q_carry__1/O[1]
                         net (fo=2, routed)           0.454    10.329    ntt/BU/sum_in0_q[9]
    SLICE_X19Y5          LUT5 (Prop_lut5_I2_O)        0.306    10.635 r  ntt/BU/sum_in0_reg[8]_i_1/O
                         net (fo=1, routed)           0.000    10.635    ntt/BU/sum_in0_reg[8]_i_1_n_0
    SLICE_X19Y5          FDRE                                         r  ntt/BU/sum_in0_reg_reg[8]/D
  -------------------------------------------------------------------    -------------------

                         (clock clk rise edge)        6.000     6.000 r  
    K18                                               0.000     6.000 r  clk (IN)
                         net (fo=0)                   0.000     6.000    clk
    K18                  IBUF (Prop_ibuf_I_O)         0.798     6.798 r  clk_IBUF_inst/O
                         net (fo=1, routed)           1.862     8.660    clk_IBUF
    BUFGCTRL_X0Y0        BUFG (Prop_bufg_I_O)         0.091     8.751 r  clk_IBUF_BUFG_inst/O
                         net (fo=5366, routed)        1.443    10.194    ntt/BU/clk_IBUF_BUFG
    SLICE_X19Y5          FDRE                                         r  ntt/BU/sum_in0_reg_reg[8]/C
                         clock pessimism              0.336    10.530    
                         clock uncertainty           -0.035    10.494    
    SLICE_X19Y5          FDRE (Setup_fdre_C_D)        0.031    10.525    ntt/BU/sum_in0_reg_reg[8]
  -------------------------------------------------------------------
                         required time                         10.525    
                         arrival time                         -10.635    
  -------------------------------------------------------------------
                         slack                                 -0.110    

Slack (VIOLATED) :        -0.097ns  (required time - arrival time)
  Source:                 ntt/in0_butt_reg[14]/C
                            (rising edge-triggered cell FDRE clocked by clk  {rise@0.000ns fall@3.000ns period=6.000ns})
  Destination:            ntt/BU/sum_in0_reg_reg[5]/D
                            (rising edge-triggered cell FDRE clocked by clk  {rise@0.000ns fall@3.000ns period=6.000ns})
  Path Group:             clk
  Path Type:              Setup (Max at Slow Process Corner)
  Requirement:            6.000ns  (clk rise@6.000ns - clk rise@0.000ns)
  Data Path Delay:        6.067ns  (logic 3.308ns (54.522%)  route 2.759ns (45.478%))
  Logic Levels:           10  (CARRY4=6 LUT4=1 LUT5=2 LUT6=1)
  Clock Path Skew:        -0.026ns (DCD - SCD + CPR)
    Destination Clock Delay (DCD):    4.194ns = ( 10.194 - 6.000 ) 
    Source Clock Delay      (SCD):    4.556ns
    Clock Pessimism Removal (CPR):    0.336ns
  Clock Uncertainty:      0.035ns  ((TSJ^2 + TIJ^2)^1/2 + DJ) / 2 + PE
    Total System Jitter     (TSJ):    0.071ns
    Total Input Jitter      (TIJ):    0.000ns
    Discrete Jitter          (DJ):    0.000ns
    Phase Error              (PE):    0.000ns

    Location             Delay type                Incr(ns)  Path(ns)    Netlist Resource(s)
  -------------------------------------------------------------------    -------------------
                         (clock clk rise edge)        0.000     0.000 r  
    K18                                               0.000     0.000 r  clk (IN)
                         net (fo=0)                   0.000     0.000    clk
    K18                  IBUF (Prop_ibuf_I_O)         0.931     0.931 r  clk_IBUF_inst/O
                         net (fo=1, routed)           1.966     2.896    clk_IBUF
    BUFGCTRL_X0Y0        BUFG (Prop_bufg_I_O)         0.096     2.992 r  clk_IBUF_BUFG_inst/O
                         net (fo=5366, routed)        1.563     4.556    ntt/clk_IBUF_BUFG
    SLICE_X18Y0          FDRE                                         r  ntt/in0_butt_reg[14]/C
  -------------------------------------------------------------------    -------------------
    SLICE_X18Y0          FDRE (Prop_fdre_C_Q)         0.518     5.074 r  ntt/in0_butt_reg[14]/Q
                         net (fo=9, routed)           0.984     6.057    ntt/BU/sum_in1_reg_reg[11]_0[14]
    SLICE_X16Y3          LUT5 (Prop_lut5_I4_O)        0.149     6.206 r  ntt/BU/sum_in0__0_carry_i_9/O
                         net (fo=1, routed)           0.446     6.652    ntt/BU/sum_in0__0_carry_i_9_n_0
    SLICE_X17Y1          LUT6 (Prop_lut6_I0_O)        0.332     6.984 r  ntt/BU/sum_in0__0_carry_i_6/O
                         net (fo=1, routed)           0.000     6.984    ntt/BU/sum_in0__0_carry_i_6_n_0
    SLICE_X17Y1          CARRY4 (Prop_carry4_S[2]_CO[3])
                                                      0.398     7.382 r  ntt/BU/sum_in0__0_carry/CO[3]
                         net (fo=1, routed)           0.000     7.382    ntt/BU/sum_in0__0_carry_n_0
    SLICE_X17Y2          CARRY4 (Prop_carry4_CI_CO[3])
                                                      0.114     7.496 r  ntt/BU/sum_in0__0_carry__0/CO[3]
                         net (fo=1, routed)           0.000     7.496    ntt/BU/sum_in0__0_carry__0_n_0
    SLICE_X17Y3          CARRY4 (Prop_carry4_CI_CO[3])
                                                      0.114     7.610 r  ntt/BU/sum_in0__0_carry__1/CO[3]
                         net (fo=1, routed)           0.000     7.610    ntt/BU/sum_in0__0_carry__1_n_0
    SLICE_X17Y4          CARRY4 (Prop_carry4_CI_O[0])
                                                      0.222     7.832 r  ntt/BU/sum_in0__0_carry__2/O[0]
                         net (fo=7, routed)           0.771     8.602    ntt/BU/sum_in0[12]
    SLICE_X18Y2          LUT4 (Prop_lut4_I3_O)        0.299     8.901 r  ntt/BU/sum_in0_q_carry_i_1/O
                         net (fo=1, routed)           0.000     8.901    ntt/BU/sum_in0_q_carry_i_1_n_0
    SLICE_X18Y2          CARRY4 (Prop_carry4_S[1]_CO[3])
                                                      0.533     9.434 r  ntt/BU/sum_in0_q_carry/CO[3]
                         net (fo=1, routed)           0.000     9.434    ntt/BU/sum_in0_q_carry_n_0
    SLICE_X18Y3          CARRY4 (Prop_carry4_CI_O[1])
                                                      0.323     9.757 r  ntt/BU/sum_in0_q_carry__0/O[1]
                         net (fo=2, routed)           0.559    10.317    ntt/BU/sum_in0_q[5]
    SLICE_X17Y5          LUT5 (Prop_lut5_I0_O)        0.306    10.623 r  ntt/BU/sum_in0_reg[5]_i_1/O
                         net (fo=1, routed)           0.000    10.623    ntt/BU/sum_in0_reg[5]_i_1_n_0
    SLICE_X17Y5          FDRE                                         r  ntt/BU/sum_in0_reg_reg[5]/D
  -------------------------------------------------------------------    -------------------

                         (clock clk rise edge)        6.000     6.000 r  
    K18                                               0.000     6.000 r  clk (IN)
                         net (fo=0)                   0.000     6.000    clk
    K18                  IBUF (Prop_ibuf_I_O)         0.798     6.798 r  clk_IBUF_inst/O
                         net (fo=1, routed)           1.862     8.660    clk_IBUF
    BUFGCTRL_X0Y0        BUFG (Prop_bufg_I_O)         0.091     8.751 r  clk_IBUF_BUFG_inst/O
                         net (fo=5366, routed)        1.443    10.194    ntt/BU/clk_IBUF_BUFG
    SLICE_X17Y5          FDRE                                         r  ntt/BU/sum_in0_reg_reg[5]/C
                         clock pessimism              0.336    10.530    
                         clock uncertainty           -0.035    10.494    
    SLICE_X17Y5          FDRE (Setup_fdre_C_D)        0.032    10.526    ntt/BU/sum_in0_reg_reg[5]
  -------------------------------------------------------------------
                         required time                         10.526    
                         arrival time                         -10.623    
  -------------------------------------------------------------------
                         slack                                 -0.097    

Slack (VIOLATED) :        -0.093ns  (required time - arrival time)
  Source:                 ntt/in0_butt_reg[14]/C
                            (rising edge-triggered cell FDRE clocked by clk  {rise@0.000ns fall@3.000ns period=6.000ns})
  Destination:            ntt/BU/sum_in0_reg_reg[4]/D
                            (rising edge-triggered cell FDRE clocked by clk  {rise@0.000ns fall@3.000ns period=6.000ns})
  Path Group:             clk
  Path Type:              Setup (Max at Slow Process Corner)
  Requirement:            6.000ns  (clk rise@6.000ns - clk rise@0.000ns)
  Data Path Delay:        6.109ns  (logic 3.193ns (52.269%)  route 2.916ns (47.731%))
  Logic Levels:           10  (CARRY4=6 LUT4=1 LUT5=2 LUT6=1)
  Clock Path Skew:        -0.026ns (DCD - SCD + CPR)
    Destination Clock Delay (DCD):    4.194ns = ( 10.194 - 6.000 ) 
    Source Clock Delay      (SCD):    4.556ns
    Clock Pessimism Removal (CPR):    0.336ns
  Clock Uncertainty:      0.035ns  ((TSJ^2 + TIJ^2)^1/2 + DJ) / 2 + PE
    Total System Jitter     (TSJ):    0.071ns
    Total Input Jitter      (TIJ):    0.000ns
    Discrete Jitter          (DJ):    0.000ns
    Phase Error              (PE):    0.000ns

    Location             Delay type                Incr(ns)  Path(ns)    Netlist Resource(s)
  -------------------------------------------------------------------    -------------------
                         (clock clk rise edge)        0.000     0.000 r  
    K18                                               0.000     0.000 r  clk (IN)
                         net (fo=0)                   0.000     0.000    clk
    K18                  IBUF (Prop_ibuf_I_O)         0.931     0.931 r  clk_IBUF_inst/O
                         net (fo=1, routed)           1.966     2.896    clk_IBUF
    BUFGCTRL_X0Y0        BUFG (Prop_bufg_I_O)         0.096     2.992 r  clk_IBUF_BUFG_inst/O
                         net (fo=5366, routed)        1.563     4.556    ntt/clk_IBUF_BUFG
    SLICE_X18Y0          FDRE                                         r  ntt/in0_butt_reg[14]/C
  -------------------------------------------------------------------    -------------------
    SLICE_X18Y0          FDRE (Prop_fdre_C_Q)         0.518     5.074 r  ntt/in0_butt_reg[14]/Q
                         net (fo=9, routed)           0.984     6.057    ntt/BU/sum_in1_reg_reg[11]_0[14]
    SLICE_X16Y3          LUT5 (Prop_lut5_I4_O)        0.149     6.206 r  ntt/BU/sum_in0__0_carry_i_9/O
                         net (fo=1, routed)           0.446     6.652    ntt/BU/sum_in0__0_carry_i_9_n_0
    SLICE_X17Y1          LUT6 (Prop_lut6_I0_O)        0.332     6.984 r  ntt/BU/sum_in0__0_carry_i_6/O
                         net (fo=1, routed)           0.000     6.984    ntt/BU/sum_in0__0_carry_i_6_n_0
    SLICE_X17Y1          CARRY4 (Prop_carry4_S[2]_CO[3])
                                                      0.398     7.382 r  ntt/BU/sum_in0__0_carry/CO[3]
                         net (fo=1, routed)           0.000     7.382    ntt/BU/sum_in0__0_carry_n_0
    SLICE_X17Y2          CARRY4 (Prop_carry4_CI_CO[3])
                                                      0.114     7.496 r  ntt/BU/sum_in0__0_carry__0/CO[3]
                         net (fo=1, routed)           0.000     7.496    ntt/BU/sum_in0__0_carry__0_n_0
    SLICE_X17Y3          CARRY4 (Prop_carry4_CI_CO[3])
                                                      0.114     7.610 r  ntt/BU/sum_in0__0_carry__1/CO[3]
                         net (fo=1, routed)           0.000     7.610    ntt/BU/sum_in0__0_carry__1_n_0
    SLICE_X17Y4          CARRY4 (Prop_carry4_CI_O[0])
                                                      0.222     7.832 r  ntt/BU/sum_in0__0_carry__2/O[0]
                         net (fo=7, routed)           0.771     8.602    ntt/BU/sum_in0[12]
    SLICE_X18Y2          LUT4 (Prop_lut4_I3_O)        0.299     8.901 r  ntt/BU/sum_in0_q_carry_i_1/O
                         net (fo=1, routed)           0.000     8.901    ntt/BU/sum_in0_q_carry_i_1_n_0
    SLICE_X18Y2          CARRY4 (Prop_carry4_S[1]_CO[3])
                                                      0.533     9.434 r  ntt/BU/sum_in0_q_carry/CO[3]
                         net (fo=1, routed)           0.000     9.434    ntt/BU/sum_in0_q_carry_n_0
    SLICE_X18Y3          CARRY4 (Prop_carry4_CI_O[0])
                                                      0.219     9.653 r  ntt/BU/sum_in0_q_carry__0/O[0]
                         net (fo=2, routed)           0.716    10.369    ntt/BU/sum_in0_q[4]
    SLICE_X18Y6          LUT5 (Prop_lut5_I0_O)        0.295    10.664 r  ntt/BU/sum_in0_reg[4]_i_1/O
                         net (fo=1, routed)           0.000    10.664    ntt/BU/sum_in0_reg[4]_i_1_n_0
    SLICE_X18Y6          FDRE                                         r  ntt/BU/sum_in0_reg_reg[4]/D
  -------------------------------------------------------------------    -------------------

                         (clock clk rise edge)        6.000     6.000 r  
    K18                                               0.000     6.000 r  clk (IN)
                         net (fo=0)                   0.000     6.000    clk
    K18                  IBUF (Prop_ibuf_I_O)         0.798     6.798 r  clk_IBUF_inst/O
                         net (fo=1, routed)           1.862     8.660    clk_IBUF
    BUFGCTRL_X0Y0        BUFG (Prop_bufg_I_O)         0.091     8.751 r  clk_IBUF_BUFG_inst/O
                         net (fo=5366, routed)        1.443    10.194    ntt/BU/clk_IBUF_BUFG
    SLICE_X18Y6          FDRE                                         r  ntt/BU/sum_in0_reg_reg[4]/C
                         clock pessimism              0.336    10.530    
                         clock uncertainty           -0.035    10.494    
    SLICE_X18Y6          FDRE (Setup_fdre_C_D)        0.077    10.571    ntt/BU/sum_in0_reg_reg[4]
  -------------------------------------------------------------------
                         required time                         10.571    
                         arrival time                         -10.664    
  -------------------------------------------------------------------
                         slack                                 -0.093    

Slack (VIOLATED) :        -0.031ns  (required time - arrival time)
  Source:                 ntt/ctrl_butt_reg[2]/C
                            (rising edge-triggered cell FDRE clocked by clk  {rise@0.000ns fall@3.000ns period=6.000ns})
  Destination:            ntt/BU/sum_in1_reg_reg[7]/D
                            (rising edge-triggered cell FDRE clocked by clk  {rise@0.000ns fall@3.000ns period=6.000ns})
  Path Group:             clk
  Path Type:              Setup (Max at Slow Process Corner)
  Requirement:            6.000ns  (clk rise@6.000ns - clk rise@0.000ns)
  Data Path Delay:        5.915ns  (logic 3.190ns (53.933%)  route 2.725ns (46.067%))
  Logic Levels:           9  (CARRY4=5 LUT4=2 LUT5=2)
  Clock Path Skew:        -0.112ns (DCD - SCD + CPR)
    Destination Clock Delay (DCD):    4.194ns = ( 10.194 - 6.000 ) 
    Source Clock Delay      (SCD):    4.556ns
    Clock Pessimism Removal (CPR):    0.250ns
  Clock Uncertainty:      0.035ns  ((TSJ^2 + TIJ^2)^1/2 + DJ) / 2 + PE
    Total System Jitter     (TSJ):    0.071ns
    Total Input Jitter      (TIJ):    0.000ns
    Discrete Jitter          (DJ):    0.000ns
    Phase Error              (PE):    0.000ns

    Location             Delay type                Incr(ns)  Path(ns)    Netlist Resource(s)
  -------------------------------------------------------------------    -------------------
                         (clock clk rise edge)        0.000     0.000 r  
    K18                                               0.000     0.000 r  clk (IN)
                         net (fo=0)                   0.000     0.000    clk
    K18                  IBUF (Prop_ibuf_I_O)         0.931     0.931 r  clk_IBUF_inst/O
                         net (fo=1, routed)           1.966     2.896    clk_IBUF
    BUFGCTRL_X0Y0        BUFG (Prop_bufg_I_O)         0.096     2.992 r  clk_IBUF_BUFG_inst/O
                         net (fo=5366, routed)        1.563     4.556    ntt/clk_IBUF_BUFG
    SLICE_X17Y0          FDRE                                         r  ntt/ctrl_butt_reg[2]/C
  -------------------------------------------------------------------    -------------------
    SLICE_X17Y0          FDRE (Prop_fdre_C_Q)         0.456     5.012 r  ntt/ctrl_butt_reg[2]/Q
                         net (fo=103, routed)         0.891     5.903    ntt/BU/flag_sr_r1_reg[3]_0[2]
    SLICE_X16Y1          LUT4 (Prop_lut4_I0_O)        0.152     6.055 r  ntt/BU/sum_in1__0_carry__1_i_9/O
                         net (fo=1, routed)           0.447     6.502    ntt/BU/sum_in1__0_carry__1_i_9_n_0
    SLICE_X20Y2          LUT5 (Prop_lut5_I0_O)        0.326     6.828 r  ntt/BU/sum_in1__0_carry__1_i_7/O
                         net (fo=1, routed)           0.000     6.828    ntt/BU/sum_in1__0_carry__1_i_7_n_0
    SLICE_X20Y2          CARRY4 (Prop_carry4_S[1]_CO[3])
                                                      0.550     7.378 r  ntt/BU/sum_in1__0_carry__1/CO[3]
                         net (fo=1, routed)           0.000     7.378    ntt/BU/sum_in1__0_carry__1_n_0
    SLICE_X20Y3          CARRY4 (Prop_carry4_CI_O[0])
                                                      0.222     7.600 r  ntt/BU/sum_in1__0_carry__2/O[0]
                         net (fo=7, routed)           0.657     8.257    ntt/BU/sum_in1[12]
    SLICE_X19Y1          LUT4 (Prop_lut4_I3_O)        0.299     8.556 r  ntt/BU/sum_in1_q_carry_i_1/O
                         net (fo=1, routed)           0.000     8.556    ntt/BU/sum_in1_q_carry_i_1_n_0
    SLICE_X19Y1          CARRY4 (Prop_carry4_S[1]_CO[3])
                                                      0.550     9.106 r  ntt/BU/sum_in1_q_carry/CO[3]
                         net (fo=1, routed)           0.000     9.106    ntt/BU/sum_in1_q_carry_n_0
    SLICE_X19Y2          CARRY4 (Prop_carry4_CI_CO[3])
                                                      0.114     9.220 r  ntt/BU/sum_in1_q_carry__0/CO[3]
                         net (fo=1, routed)           0.000     9.220    ntt/BU/sum_in1_q_carry__0_n_0
    SLICE_X19Y3          CARRY4 (Prop_carry4_CI_O[0])
                                                      0.222     9.442 r  ntt/BU/sum_in1_q_carry__1/O[0]
                         net (fo=2, routed)           0.730    10.171    ntt/BU/sum_in1_q[8]
    SLICE_X13Y1          LUT5 (Prop_lut5_I2_O)        0.299    10.470 r  ntt/BU/sum_in1_reg[7]_i_1/O
                         net (fo=1, routed)           0.000    10.470    ntt/BU/sum_in1_reg[7]_i_1_n_0
    SLICE_X13Y1          FDRE                                         r  ntt/BU/sum_in1_reg_reg[7]/D
  -------------------------------------------------------------------    -------------------

                         (clock clk rise edge)        6.000     6.000 r  
    K18                                               0.000     6.000 r  clk (IN)
                         net (fo=0)                   0.000     6.000    clk
    K18                  IBUF (Prop_ibuf_I_O)         0.798     6.798 r  clk_IBUF_inst/O
                         net (fo=1, routed)           1.862     8.660    clk_IBUF
    BUFGCTRL_X0Y0        BUFG (Prop_bufg_I_O)         0.091     8.751 r  clk_IBUF_BUFG_inst/O
                         net (fo=5366, routed)        1.443    10.194    ntt/BU/clk_IBUF_BUFG
    SLICE_X13Y1          FDRE                                         r  ntt/BU/sum_in1_reg_reg[7]/C
                         clock pessimism              0.250    10.444    
                         clock uncertainty           -0.035    10.408    
    SLICE_X13Y1          FDRE (Setup_fdre_C_D)        0.031    10.439    ntt/BU/sum_in1_reg_reg[7]
  -------------------------------------------------------------------
                         required time                         10.439    
                         arrival time                         -10.470    
  -------------------------------------------------------------------
                         slack                                 -0.031    





Min Delay Paths
--------------------------------------------------------------------------------------
Slack (MET) :             0.038ns  (arrival time - required time)
  Source:                 Kyber_Client/NTT_core_Client/c_shift_ram_6/<hidden>/<hidden>/<hidden>
                            (rising edge-triggered cell FDRE clocked by clk  {rise@0.000ns fall@3.000ns period=6.000ns})
  Destination:            Kyber_Client/NTT_core_Client/c_shift_ram_6/<hidden>/<hidden>/<hidden>
                            (rising edge-triggered cell SRL16E clocked by clk  {rise@0.000ns fall@3.000ns period=6.000ns})
  Path Group:             clk
  Path Type:              Hold (Min at Fast Process Corner)
  Requirement:            0.000ns  (clk rise@0.000ns - clk rise@0.000ns)
  Data Path Delay:        0.256ns  (logic 0.141ns (55.042%)  route 0.115ns (44.958%))
  Logic Levels:           0  
  Clock Path Skew:        0.035ns (DCD - SCD - CPR)
    Destination Clock Delay (DCD):    1.893ns
    Source Clock Delay      (SCD):    1.379ns
    Clock Pessimism Removal (CPR):    0.479ns

    Location             Delay type                Incr(ns)  Path(ns)    Netlist Resource(s)
  -------------------------------------------------------------------    -------------------
                         (clock clk rise edge)        0.000     0.000 r  
    K18                                               0.000     0.000 r  clk (IN)
                         net (fo=0)                   0.000     0.000    clk
    K18                  IBUF (Prop_ibuf_I_O)         0.160     0.160 r  clk_IBUF_inst/O
                         net (fo=1, routed)           0.631     0.791    clk_IBUF
    BUFGCTRL_X0Y0        BUFG (Prop_bufg_I_O)         0.026     0.817 r  clk_IBUF_BUFG_inst/O
                         net (fo=5366, routed)        0.562     1.379    Kyber_Client/NTT_core_Client/c_shift_ram_6/<hidden>/<hidden>/<hidden>
    SLICE_X11Y8          FDRE                                         r  Kyber_Client/NTT_core_Client/c_shift_ram_6/<hidden>/<hidden>/<hidden>
  -------------------------------------------------------------------    -------------------
    SLICE_X11Y8          FDRE (Prop_fdre_C_Q)         0.141     1.520 r  Kyber_Client/NTT_core_Client/c_shift_ram_6/<hidden>/<hidden>/<hidden>
                         net (fo=1, routed)           0.115     1.635    Kyber_Client/NTT_core_Client/c_shift_ram_6/<hidden>/<hidden>/<hidden>
    SLICE_X8Y8           SRL16E                                       r  Kyber_Client/NTT_core_Client/c_shift_ram_6/<hidden>/<hidden>/<hidden>
  -------------------------------------------------------------------    -------------------

                         (clock clk rise edge)        0.000     0.000 r  
    K18                                               0.000     0.000 r  clk (IN)
                         net (fo=0)                   0.000     0.000    clk
    K18                  IBUF (Prop_ibuf_I_O)         0.348     0.348 r  clk_IBUF_inst/O
                         net (fo=1, routed)           0.685     1.033    clk_IBUF
    BUFGCTRL_X0Y0        BUFG (Prop_bufg_I_O)         0.029     1.062 r  clk_IBUF_BUFG_inst/O
                         net (fo=5366, routed)        0.831     1.893    Kyber_Client/NTT_core_Client/c_shift_ram_6/<hidden>/<hidden>/<hidden>
    SLICE_X8Y8           SRL16E                                       r  Kyber_Client/NTT_core_Client/c_shift_ram_6/<hidden>/<hidden>/<hidden>
                         clock pessimism             -0.479     1.414    
    SLICE_X8Y8           SRL16E (Hold_srl16e_CLK_D)
                                                      0.183     1.597    Kyber_Client/NTT_core_Client/c_shift_ram_6/<hidden>/<hidden>/<hidden>
  -------------------------------------------------------------------
                         required time                         -1.597    
                         arrival time                           1.635    
  -------------------------------------------------------------------
                         slack                                  0.038    

Slack (MET) :             0.042ns  (arrival time - required time)
  Source:                 patt_r_reg[40]/C
                            (rising edge-triggered cell FDRE clocked by clk  {rise@0.000ns fall@3.000ns period=6.000ns})
  Destination:            patt_r_reg[45]_srl5___endp_r_reg_r_3/D
                            (rising edge-triggered cell SRL16E clocked by clk  {rise@0.000ns fall@3.000ns period=6.000ns})
  Path Group:             clk
  Path Type:              Hold (Min at Fast Process Corner)
  Requirement:            0.000ns  (clk rise@0.000ns - clk rise@0.000ns)
  Data Path Delay:        0.242ns  (logic 0.141ns (58.263%)  route 0.101ns (41.737%))
  Logic Levels:           0  
  Clock Path Skew:        0.017ns (DCD - SCD - CPR)
    Destination Clock Delay (DCD):    1.924ns
    Source Clock Delay      (SCD):    1.407ns
    Clock Pessimism Removal (CPR):    0.500ns

    Location             Delay type                Incr(ns)  Path(ns)    Netlist Resource(s)
  -------------------------------------------------------------------    -------------------
                         (clock clk rise edge)        0.000     0.000 r  
    K18                                               0.000     0.000 r  clk (IN)
                         net (fo=0)                   0.000     0.000    clk
    K18                  IBUF (Prop_ibuf_I_O)         0.160     0.160 r  clk_IBUF_inst/O
                         net (fo=1, routed)           0.631     0.791    clk_IBUF
    BUFGCTRL_X0Y0        BUFG (Prop_bufg_I_O)         0.026     0.817 r  clk_IBUF_BUFG_inst/O
                         net (fo=5366, routed)        0.590     1.407    clk_IBUF_BUFG
    SLICE_X1Y7           FDRE                                         r  patt_r_reg[40]/C
  -------------------------------------------------------------------    -------------------
    SLICE_X1Y7           FDRE (Prop_fdre_C_Q)         0.141     1.548 r  patt_r_reg[40]/Q
                         net (fo=1, routed)           0.101     1.649    patt_r_reg_n_0_[40]
    SLICE_X2Y6           SRL16E                                       r  patt_r_reg[45]_srl5___endp_r_reg_r_3/D
  -------------------------------------------------------------------    -------------------

                         (clock clk rise edge)        0.000     0.000 r  
    K18                                               0.000     0.000 r  clk (IN)
                         net (fo=0)                   0.000     0.000    clk
    K18                  IBUF (Prop_ibuf_I_O)         0.348     0.348 r  clk_IBUF_inst/O
                         net (fo=1, routed)           0.685     1.033    clk_IBUF
    BUFGCTRL_X0Y0        BUFG (Prop_bufg_I_O)         0.029     1.062 r  clk_IBUF_BUFG_inst/O
                         net (fo=5366, routed)        0.862     1.924    clk_IBUF_BUFG
    SLICE_X2Y6           SRL16E                                       r  patt_r_reg[45]_srl5___endp_r_reg_r_3/CLK
                         clock pessimism             -0.500     1.424    
    SLICE_X2Y6           SRL16E (Hold_srl16e_CLK_D)
                                                      0.183     1.607    patt_r_reg[45]_srl5___endp_r_reg_r_3
  -------------------------------------------------------------------
                         required time                         -1.607    
                         arrival time                           1.649    
  -------------------------------------------------------------------
                         slack                                  0.042    

Slack (MET) :             0.049ns  (arrival time - required time)
  Source:                 Kyber_Client/hash_core_Client/fifo_generator_1/<hidden>/<hidden>/<hidden>/<hidden>/<hidden>/<hidden>
                            (rising edge-triggered cell FDRE clocked by clk  {rise@0.000ns fall@3.000ns period=6.000ns})
  Destination:            Kyber_Client/hash_core_Client/fifo_generator_1/<hidden>/<hidden>/<hidden>/<hidden>/<hidden>/<hidden>/<hidden>
                            (rising edge-triggered cell RAMD64E clocked by clk  {rise@0.000ns fall@3.000ns period=6.000ns})
  Path Group:             clk
  Path Type:              Hold (Min at Fast Process Corner)
  Requirement:            0.000ns  (clk rise@0.000ns - clk rise@0.000ns)
  Data Path Delay:        0.372ns  (logic 0.141ns (37.947%)  route 0.231ns (62.053%))
  Logic Levels:           0  
  Clock Path Skew:        0.013ns (DCD - SCD - CPR)
    Destination Clock Delay (DCD):    1.921ns
    Source Clock Delay      (SCD):    1.406ns
    Clock Pessimism Removal (CPR):    0.502ns

    Location             Delay type                Incr(ns)  Path(ns)    Netlist Resource(s)
  -------------------------------------------------------------------    -------------------
                         (clock clk rise edge)        0.000     0.000 r  
    K18                                               0.000     0.000 r  clk (IN)
                         net (fo=0)                   0.000     0.000    clk
    K18                  IBUF (Prop_ibuf_I_O)         0.160     0.160 r  clk_IBUF_inst/O
                         net (fo=1, routed)           0.631     0.791    clk_IBUF
    BUFGCTRL_X0Y0        BUFG (Prop_bufg_I_O)         0.026     0.817 r  clk_IBUF_BUFG_inst/O
                         net (fo=5366, routed)        0.589     1.406    Kyber_Client/hash_core_Client/fifo_generator_1/<hidden>/<hidden>/<hidden>/<hidden>/<hidden>/<hidden>
    SLICE_X37Y12         FDRE                                         r  Kyber_Client/hash_core_Client/fifo_generator_1/<hidden>/<hidden>/<hidden>/<hidden>/<hidden>/<hidden>
  -------------------------------------------------------------------    -------------------
    SLICE_X37Y12         FDRE (Prop_fdre_C_Q)         0.141     1.547 r  Kyber_Client/hash_core_Client/fifo_generator_1/<hidden>/<hidden>/<hidden>/<hidden>/<hidden>/<hidden>
                         net (fo=162, routed)         0.231     1.777    Kyber_Client/hash_core_Client/fifo_generator_1/<hidden>/<hidden>/<hidden>/<hidden>/<hidden>/<hidden>/<hidden>
    SLICE_X36Y12         RAMD64E                                      r  Kyber_Client/hash_core_Client/fifo_generator_1/<hidden>/<hidden>/<hidden>/<hidden>/<hidden>/<hidden>/<hidden>
  -------------------------------------------------------------------    -------------------

                         (clock clk rise edge)        0.000     0.000 r  
    K18                                               0.000     0.000 r  clk (IN)
                         net (fo=0)                   0.000     0.000    clk
    K18                  IBUF (Prop_ibuf_I_O)         0.348     0.348 r  clk_IBUF_inst/O
                         net (fo=1, routed)           0.685     1.033    clk_IBUF
    BUFGCTRL_X0Y0        BUFG (Prop_bufg_I_O)         0.029     1.062 r  clk_IBUF_BUFG_inst/O
                         net (fo=5366, routed)        0.859     1.921    Kyber_Client/hash_core_Client/fifo_generator_1/<hidden>/<hidden>/<hidden>/<hidden>/<hidden>/<hidden>/<hidden>
    SLICE_X36Y12         RAMD64E                                      r  Kyber_Client/hash_core_Client/fifo_generator_1/<hidden>/<hidden>/<hidden>/<hidden>/<hidden>/<hidden>/<hidden>
                         clock pessimism             -0.502     1.419    
    SLICE_X36Y12         RAMD64E (Hold_ramd64e_CLK_WADR0)
                                                      0.310     1.729    Kyber_Client/hash_core_Client/fifo_generator_1/<hidden>/<hidden>/<hidden>/<hidden>/<hidden>/<hidden>/<hidden>
  -------------------------------------------------------------------
                         required time                         -1.729    
                         arrival time                           1.777    
  -------------------------------------------------------------------
                         slack                                  0.049    

Slack (MET) :             0.049ns  (arrival time - required time)
  Source:                 Kyber_Client/hash_core_Client/fifo_generator_1/<hidden>/<hidden>/<hidden>/<hidden>/<hidden>/<hidden>
                            (rising edge-triggered cell FDRE clocked by clk  {rise@0.000ns fall@3.000ns period=6.000ns})
  Destination:            Kyber_Client/hash_core_Client/fifo_generator_1/<hidden>/<hidden>/<hidden>/<hidden>/<hidden>/<hidden>/<hidden>
                            (rising edge-triggered cell RAMD64E clocked by clk  {rise@0.000ns fall@3.000ns period=6.000ns})
  Path Group:             clk
  Path Type:              Hold (Min at Fast Process Corner)
  Requirement:            0.000ns  (clk rise@0.000ns - clk rise@0.000ns)
  Data Path Delay:        0.372ns  (logic 0.141ns (37.947%)  route 0.231ns (62.053%))
  Logic Levels:           0  
  Clock Path Skew:        0.013ns (DCD - SCD - CPR)
    Destination Clock Delay (DCD):    1.921ns
    Source Clock Delay      (SCD):    1.406ns
    Clock Pessimism Removal (CPR):    0.502ns

    Location             Delay type                Incr(ns)  Path(ns)    Netlist Resource(s)
  -------------------------------------------------------------------    -------------------
                         (clock clk rise edge)        0.000     0.000 r  
    K18                                               0.000     0.000 r  clk (IN)
                         net (fo=0)                   0.000     0.000    clk
    K18                  IBUF (Prop_ibuf_I_O)         0.160     0.160 r  clk_IBUF_inst/O
                         net (fo=1, routed)           0.631     0.791    clk_IBUF
    BUFGCTRL_X0Y0        BUFG (Prop_bufg_I_O)         0.026     0.817 r  clk_IBUF_BUFG_inst/O
                         net (fo=5366, routed)        0.589     1.406    Kyber_Client/hash_core_Client/fifo_generator_1/<hidden>/<hidden>/<hidden>/<hidden>/<hidden>/<hidden>
    SLICE_X37Y12         FDRE                                         r  Kyber_Client/hash_core_Client/fifo_generator_1/<hidden>/<hidden>/<hidden>/<hidden>/<hidden>/<hidden>
  -------------------------------------------------------------------    -------------------
    SLICE_X37Y12         FDRE (Prop_fdre_C_Q)         0.141     1.547 r  Kyber_Client/hash_core_Client/fifo_generator_1/<hidden>/<hidden>/<hidden>/<hidden>/<hidden>/<hidden>
                         net (fo=162, routed)         0.231     1.777    Kyber_Client/hash_core_Client/fifo_generator_1/<hidden>/<hidden>/<hidden>/<hidden>/<hidden>/<hidden>/<hidden>
    SLICE_X36Y12         RAMD64E                                      r  Kyber_Client/hash_core_Client/fifo_generator_1/<hidden>/<hidden>/<hidden>/<hidden>/<hidden>/<hidden>/<hidden>
  -------------------------------------------------------------------    -------------------

                         (clock clk rise edge)        0.000     0.000 r  
    K18                                               0.000     0.000 r  clk (IN)
                         net (fo=0)                   0.000     0.000    clk
    K18                  IBUF (Prop_ibuf_I_O)         0.348     0.348 r  clk_IBUF_inst/O
                         net (fo=1, routed)           0.685     1.033    clk_IBUF
    BUFGCTRL_X0Y0        BUFG (Prop_bufg_I_O)         0.029     1.062 r  clk_IBUF_BUFG_inst/O
                         net (fo=5366, routed)        0.859     1.921    Kyber_Client/hash_core_Client/fifo_generator_1/<hidden>/<hidden>/<hidden>/<hidden>/<hidden>/<hidden>/<hidden>
    SLICE_X36Y12         RAMD64E                                      r  Kyber_Client/hash_core_Client/fifo_generator_1/<hidden>/<hidden>/<hidden>/<hidden>/<hidden>/<hidden>/<hidden>
                         clock pessimism             -0.502     1.419    
    SLICE_X36Y12         RAMD64E (Hold_ramd64e_CLK_WADR0)
                                                      0.310     1.729    Kyber_Client/hash_core_Client/fifo_generator_1/<hidden>/<hidden>/<hidden>/<hidden>/<hidden>/<hidden>/<hidden>
  -------------------------------------------------------------------
                         required time                         -1.729    
                         arrival time                           1.777    
  -------------------------------------------------------------------
                         slack                                  0.049    

Slack (MET) :             0.049ns  (arrival time - required time)
  Source:                 Kyber_Client/hash_core_Client/fifo_generator_1/<hidden>/<hidden>/<hidden>/<hidden>/<hidden>/<hidden>
                            (rising edge-triggered cell FDRE clocked by clk  {rise@0.000ns fall@3.000ns period=6.000ns})
  Destination:            Kyber_Client/hash_core_Client/fifo_generator_1/<hidden>/<hidden>/<hidden>/<hidden>/<hidden>/<hidden>/<hidden>
                            (rising edge-triggered cell RAMD64E clocked by clk  {rise@0.000ns fall@3.000ns period=6.000ns})
  Path Group:             clk
  Path Type:              Hold (Min at Fast Process Corner)
  Requirement:            0.000ns  (clk rise@0.000ns - clk rise@0.000ns)
  Data Path Delay:        0.372ns  (logic 0.141ns (37.947%)  route 0.231ns (62.053%))
  Logic Levels:           0  
  Clock Path Skew:        0.013ns (DCD - SCD - CPR)
    Destination Clock Delay (DCD):    1.921ns
    Source Clock Delay      (SCD):    1.406ns
    Clock Pessimism Removal (CPR):    0.502ns

    Location             Delay type                Incr(ns)  Path(ns)    Netlist Resource(s)
  -------------------------------------------------------------------    -------------------
                         (clock clk rise edge)        0.000     0.000 r  
    K18                                               0.000     0.000 r  clk (IN)
                         net (fo=0)                   0.000     0.000    clk
    K18                  IBUF (Prop_ibuf_I_O)         0.160     0.160 r  clk_IBUF_inst/O
                         net (fo=1, routed)           0.631     0.791    clk_IBUF
    BUFGCTRL_X0Y0        BUFG (Prop_bufg_I_O)         0.026     0.817 r  clk_IBUF_BUFG_inst/O
                         net (fo=5366, routed)        0.589     1.406    Kyber_Client/hash_core_Client/fifo_generator_1/<hidden>/<hidden>/<hidden>/<hidden>/<hidden>/<hidden>
    SLICE_X37Y12         FDRE                                         r  Kyber_Client/hash_core_Client/fifo_generator_1/<hidden>/<hidden>/<hidden>/<hidden>/<hidden>/<hidden>
  -------------------------------------------------------------------    -------------------
    SLICE_X37Y12         FDRE (Prop_fdre_C_Q)         0.141     1.547 r  Kyber_Client/hash_core_Client/fifo_generator_1/<hidden>/<hidden>/<hidden>/<hidden>/<hidden>/<hidden>
                         net (fo=162, routed)         0.231     1.777    Kyber_Client/hash_core_Client/fifo_generator_1/<hidden>/<hidden>/<hidden>/<hidden>/<hidden>/<hidden>/<hidden>
    SLICE_X36Y12         RAMD64E                                      r  Kyber_Client/hash_core_Client/fifo_generator_1/<hidden>/<hidden>/<hidden>/<hidden>/<hidden>/<hidden>/<hidden>
  -------------------------------------------------------------------    -------------------

                         (clock clk rise edge)        0.000     0.000 r  
    K18                                               0.000     0.000 r  clk (IN)
                         net (fo=0)                   0.000     0.000    clk
    K18                  IBUF (Prop_ibuf_I_O)         0.348     0.348 r  clk_IBUF_inst/O
                         net (fo=1, routed)           0.685     1.033    clk_IBUF
    BUFGCTRL_X0Y0        BUFG (Prop_bufg_I_O)         0.029     1.062 r  clk_IBUF_BUFG_inst/O
                         net (fo=5366, routed)        0.859     1.921    Kyber_Client/hash_core_Client/fifo_generator_1/<hidden>/<hidden>/<hidden>/<hidden>/<hidden>/<hidden>/<hidden>
    SLICE_X36Y12         RAMD64E                                      r  Kyber_Client/hash_core_Client/fifo_generator_1/<hidden>/<hidden>/<hidden>/<hidden>/<hidden>/<hidden>/<hidden>
                         clock pessimism             -0.502     1.419    
    SLICE_X36Y12         RAMD64E (Hold_ramd64e_CLK_WADR0)
                                                      0.310     1.729    Kyber_Client/hash_core_Client/fifo_generator_1/<hidden>/<hidden>/<hidden>/<hidden>/<hidden>/<hidden>/<hidden>
  -------------------------------------------------------------------
                         required time                         -1.729    
                         arrival time                           1.777    
  -------------------------------------------------------------------
                         slack                                  0.049    

Slack (MET) :             0.049ns  (arrival time - required time)
  Source:                 Kyber_Client/hash_core_Client/fifo_generator_1/<hidden>/<hidden>/<hidden>/<hidden>/<hidden>/<hidden>
                            (rising edge-triggered cell FDRE clocked by clk  {rise@0.000ns fall@3.000ns period=6.000ns})
  Destination:            Kyber_Client/hash_core_Client/fifo_generator_1/<hidden>/<hidden>/<hidden>/<hidden>/<hidden>/<hidden>/<hidden>
                            (rising edge-triggered cell RAMD64E clocked by clk  {rise@0.000ns fall@3.000ns period=6.000ns})
  Path Group:             clk
  Path Type:              Hold (Min at Fast Process Corner)
  Requirement:            0.000ns  (clk rise@0.000ns - clk rise@0.000ns)
  Data Path Delay:        0.372ns  (logic 0.141ns (37.947%)  route 0.231ns (62.053%))
  Logic Levels:           0  
  Clock Path Skew:        0.013ns (DCD - SCD - CPR)
    Destination Clock Delay (DCD):    1.921ns
    Source Clock Delay      (SCD):    1.406ns
    Clock Pessimism Removal (CPR):    0.502ns

    Location             Delay type                Incr(ns)  Path(ns)    Netlist Resource(s)
  -------------------------------------------------------------------    -------------------
                         (clock clk rise edge)        0.000     0.000 r  
    K18                                               0.000     0.000 r  clk (IN)
                         net (fo=0)                   0.000     0.000    clk
    K18                  IBUF (Prop_ibuf_I_O)         0.160     0.160 r  clk_IBUF_inst/O
                         net (fo=1, routed)           0.631     0.791    clk_IBUF
    BUFGCTRL_X0Y0        BUFG (Prop_bufg_I_O)         0.026     0.817 r  clk_IBUF_BUFG_inst/O
                         net (fo=5366, routed)        0.589     1.406    Kyber_Client/hash_core_Client/fifo_generator_1/<hidden>/<hidden>/<hidden>/<hidden>/<hidden>/<hidden>
    SLICE_X37Y12         FDRE                                         r  Kyber_Client/hash_core_Client/fifo_generator_1/<hidden>/<hidden>/<hidden>/<hidden>/<hidden>/<hidden>
  -------------------------------------------------------------------    -------------------
    SLICE_X37Y12         FDRE (Prop_fdre_C_Q)         0.141     1.547 r  Kyber_Client/hash_core_Client/fifo_generator_1/<hidden>/<hidden>/<hidden>/<hidden>/<hidden>/<hidden>
                         net (fo=162, routed)         0.231     1.777    Kyber_Client/hash_core_Client/fifo_generator_1/<hidden>/<hidden>/<hidden>/<hidden>/<hidden>/<hidden>/<hidden>
    SLICE_X36Y12         RAMD64E                                      r  Kyber_Client/hash_core_Client/fifo_generator_1/<hidden>/<hidden>/<hidden>/<hidden>/<hidden>/<hidden>/<hidden>
  -------------------------------------------------------------------    -------------------

                         (clock clk rise edge)        0.000     0.000 r  
    K18                                               0.000     0.000 r  clk (IN)
                         net (fo=0)                   0.000     0.000    clk
    K18                  IBUF (Prop_ibuf_I_O)         0.348     0.348 r  clk_IBUF_inst/O
                         net (fo=1, routed)           0.685     1.033    clk_IBUF
    BUFGCTRL_X0Y0        BUFG (Prop_bufg_I_O)         0.029     1.062 r  clk_IBUF_BUFG_inst/O
                         net (fo=5366, routed)        0.859     1.921    Kyber_Client/hash_core_Client/fifo_generator_1/<hidden>/<hidden>/<hidden>/<hidden>/<hidden>/<hidden>/<hidden>
    SLICE_X36Y12         RAMD64E                                      r  Kyber_Client/hash_core_Client/fifo_generator_1/<hidden>/<hidden>/<hidden>/<hidden>/<hidden>/<hidden>/<hidden>
                         clock pessimism             -0.502     1.419    
    SLICE_X36Y12         RAMD64E (Hold_ramd64e_CLK_WADR0)
                                                      0.310     1.729    Kyber_Client/hash_core_Client/fifo_generator_1/<hidden>/<hidden>/<hidden>/<hidden>/<hidden>/<hidden>/<hidden>
  -------------------------------------------------------------------
                         required time                         -1.729    
                         arrival time                           1.777    
  -------------------------------------------------------------------
                         slack                                  0.049    

Slack (MET) :             0.055ns  (arrival time - required time)
  Source:                 hash/hash/RoundFunction/Reg/Q_buf_reg[329]/C
                            (rising edge-triggered cell FDRE clocked by clk  {rise@0.000ns fall@3.000ns period=6.000ns})
  Destination:            hash/hash/RoundFunction/Reg/Q_buf_reg[297]/D
                            (rising edge-triggered cell FDRE clocked by clk  {rise@0.000ns fall@3.000ns period=6.000ns})
  Path Group:             clk
  Path Type:              Hold (Min at Fast Process Corner)
  Requirement:            0.000ns  (clk rise@0.000ns - clk rise@0.000ns)
  Data Path Delay:        0.406ns  (logic 0.186ns (45.785%)  route 0.220ns (54.215%))
  Logic Levels:           1  (LUT5=1)
  Clock Path Skew:        0.259ns (DCD - SCD - CPR)
    Destination Clock Delay (DCD):    1.885ns
    Source Clock Delay      (SCD):    1.376ns
    Clock Pessimism Removal (CPR):    0.250ns

    Location             Delay type                Incr(ns)  Path(ns)    Netlist Resource(s)
  -------------------------------------------------------------------    -------------------
                         (clock clk rise edge)        0.000     0.000 r  
    K18                                               0.000     0.000 r  clk (IN)
                         net (fo=0)                   0.000     0.000    clk
    K18                  IBUF (Prop_ibuf_I_O)         0.160     0.160 r  clk_IBUF_inst/O
                         net (fo=1, routed)           0.631     0.791    clk_IBUF
    BUFGCTRL_X0Y0        BUFG (Prop_bufg_I_O)         0.026     0.817 r  clk_IBUF_BUFG_inst/O
                         net (fo=5366, routed)        0.559     1.376    hash/hash/RoundFunction/Reg/clk_IBUF_BUFG
    SLICE_X15Y61         FDRE                                         r  hash/hash/RoundFunction/Reg/Q_buf_reg[329]/C
  -------------------------------------------------------------------    -------------------
    SLICE_X15Y61         FDRE (Prop_fdre_C_Q)         0.141     1.517 r  hash/hash/RoundFunction/Reg/Q_buf_reg[329]/Q
                         net (fo=3, routed)           0.220     1.737    hash/hash/RoundFunction/Reg/Q[329]
    SLICE_X17Y62         LUT5 (Prop_lut5_I0_O)        0.045     1.782 r  hash/hash/RoundFunction/Reg/Q_buf[297]_i_1/O
                         net (fo=1, routed)           0.000     1.782    hash/hash/RoundFunction/Reg/p_2_in_0[297]
    SLICE_X17Y62         FDRE                                         r  hash/hash/RoundFunction/Reg/Q_buf_reg[297]/D
  -------------------------------------------------------------------    -------------------

                         (clock clk rise edge)        0.000     0.000 r  
    K18                                               0.000     0.000 r  clk (IN)
                         net (fo=0)                   0.000     0.000    clk
    K18                  IBUF (Prop_ibuf_I_O)         0.348     0.348 r  clk_IBUF_inst/O
                         net (fo=1, routed)           0.685     1.033    clk_IBUF
    BUFGCTRL_X0Y0        BUFG (Prop_bufg_I_O)         0.029     1.062 r  clk_IBUF_BUFG_inst/O
                         net (fo=5366, routed)        0.822     1.885    hash/hash/RoundFunction/Reg/clk_IBUF_BUFG
    SLICE_X17Y62         FDRE                                         r  hash/hash/RoundFunction/Reg/Q_buf_reg[297]/C
                         clock pessimism             -0.250     1.635    
    SLICE_X17Y62         FDRE (Hold_fdre_C_D)         0.092     1.727    hash/hash/RoundFunction/Reg/Q_buf_reg[297]
  -------------------------------------------------------------------
                         required time                         -1.727    
                         arrival time                           1.782    
  -------------------------------------------------------------------
                         slack                                  0.055    

Slack (MET) :             0.060ns  (arrival time - required time)
  Source:                 Kyber_Client/hash_core_Client/fifo_generator_8/<hidden>/<hidden>/<hidden>/<hidden>/<hidden>/<hidden>
                            (rising edge-triggered cell FDRE clocked by clk  {rise@0.000ns fall@3.000ns period=6.000ns})
  Destination:            Kyber_Client/hash_core_Client/fifo_generator_8/<hidden>/<hidden>/<hidden>/<hidden>/<hidden>/<hidden>/<hidden>
                            (rising edge-triggered cell RAMD32 clocked by clk  {rise@0.000ns fall@3.000ns period=6.000ns})
  Path Group:             clk
  Path Type:              Hold (Min at Fast Process Corner)
  Requirement:            0.000ns  (clk rise@0.000ns - clk rise@0.000ns)
  Data Path Delay:        0.383ns  (logic 0.141ns (36.846%)  route 0.242ns (63.154%))
  Logic Levels:           0  
  Clock Path Skew:        0.013ns (DCD - SCD - CPR)
    Destination Clock Delay (DCD):    1.880ns
    Source Clock Delay      (SCD):    1.367ns
    Clock Pessimism Removal (CPR):    0.500ns

    Location             Delay type                Incr(ns)  Path(ns)    Netlist Resource(s)
  -------------------------------------------------------------------    -------------------
                         (clock clk rise edge)        0.000     0.000 r  
    K18                                               0.000     0.000 r  clk (IN)
                         net (fo=0)                   0.000     0.000    clk
    K18                  IBUF (Prop_ibuf_I_O)         0.160     0.160 r  clk_IBUF_inst/O
                         net (fo=1, routed)           0.631     0.791    clk_IBUF
    BUFGCTRL_X0Y0        BUFG (Prop_bufg_I_O)         0.026     0.817 r  clk_IBUF_BUFG_inst/O
                         net (fo=5366, routed)        0.550     1.367    Kyber_Client/hash_core_Client/fifo_generator_8/<hidden>/<hidden>/<hidden>/<hidden>/<hidden>/<hidden>
    SLICE_X19Y22         FDRE                                         r  Kyber_Client/hash_core_Client/fifo_generator_8/<hidden>/<hidden>/<hidden>/<hidden>/<hidden>/<hidden>
  -------------------------------------------------------------------    -------------------
    SLICE_X19Y22         FDRE (Prop_fdre_C_Q)         0.141     1.508 r  Kyber_Client/hash_core_Client/fifo_generator_8/<hidden>/<hidden>/<hidden>/<hidden>/<hidden>/<hidden>
                         net (fo=50, routed)          0.242     1.749    Kyber_Client/hash_core_Client/fifo_generator_8/<hidden>/<hidden>/<hidden>/<hidden>/<hidden>/<hidden>/<hidden>
    SLICE_X18Y22         RAMD32                                       r  Kyber_Client/hash_core_Client/fifo_generator_8/<hidden>/<hidden>/<hidden>/<hidden>/<hidden>/<hidden>/<hidden>
  -------------------------------------------------------------------    -------------------

                         (clock clk rise edge)        0.000     0.000 r  
    K18                                               0.000     0.000 r  clk (IN)
                         net (fo=0)                   0.000     0.000    clk
    K18                  IBUF (Prop_ibuf_I_O)         0.348     0.348 r  clk_IBUF_inst/O
                         net (fo=1, routed)           0.685     1.033    clk_IBUF
    BUFGCTRL_X0Y0        BUFG (Prop_bufg_I_O)         0.029     1.062 r  clk_IBUF_BUFG_inst/O
                         net (fo=5366, routed)        0.818     1.880    Kyber_Client/hash_core_Client/fifo_generator_8/<hidden>/<hidden>/<hidden>/<hidden>/<hidden>/<hidden>/<hidden>
    SLICE_X18Y22         RAMD32                                       r  Kyber_Client/hash_core_Client/fifo_generator_8/<hidden>/<hidden>/<hidden>/<hidden>/<hidden>/<hidden>/<hidden>
                         clock pessimism             -0.500     1.380    
    SLICE_X18Y22         RAMD32 (Hold_ramd32_CLK_WADR0)
                                                      0.310     1.690    Kyber_Client/hash_core_Client/fifo_generator_8/<hidden>/<hidden>/<hidden>/<hidden>/<hidden>/<hidden>/<hidden>
  -------------------------------------------------------------------
                         required time                         -1.690    
                         arrival time                           1.749    
  -------------------------------------------------------------------
                         slack                                  0.060    

Slack (MET) :             0.060ns  (arrival time - required time)
  Source:                 Kyber_Client/hash_core_Client/fifo_generator_8/<hidden>/<hidden>/<hidden>/<hidden>/<hidden>/<hidden>
                            (rising edge-triggered cell FDRE clocked by clk  {rise@0.000ns fall@3.000ns period=6.000ns})
  Destination:            Kyber_Client/hash_core_Client/fifo_generator_8/<hidden>/<hidden>/<hidden>/<hidden>/<hidden>/<hidden>/<hidden>
                            (rising edge-triggered cell RAMD32 clocked by clk  {rise@0.000ns fall@3.000ns period=6.000ns})
  Path Group:             clk
  Path Type:              Hold (Min at Fast Process Corner)
  Requirement:            0.000ns  (clk rise@0.000ns - clk rise@0.000ns)
  Data Path Delay:        0.383ns  (logic 0.141ns (36.846%)  route 0.242ns (63.154%))
  Logic Levels:           0  
  Clock Path Skew:        0.013ns (DCD - SCD - CPR)
    Destination Clock Delay (DCD):    1.880ns
    Source Clock Delay      (SCD):    1.367ns
    Clock Pessimism Removal (CPR):    0.500ns

    Location             Delay type                Incr(ns)  Path(ns)    Netlist Resource(s)
  -------------------------------------------------------------------    -------------------
                         (clock clk rise edge)        0.000     0.000 r  
    K18                                               0.000     0.000 r  clk (IN)
                         net (fo=0)                   0.000     0.000    clk
    K18                  IBUF (Prop_ibuf_I_O)         0.160     0.160 r  clk_IBUF_inst/O
                         net (fo=1, routed)           0.631     0.791    clk_IBUF
    BUFGCTRL_X0Y0        BUFG (Prop_bufg_I_O)         0.026     0.817 r  clk_IBUF_BUFG_inst/O
                         net (fo=5366, routed)        0.550     1.367    Kyber_Client/hash_core_Client/fifo_generator_8/<hidden>/<hidden>/<hidden>/<hidden>/<hidden>/<hidden>
    SLICE_X19Y22         FDRE                                         r  Kyber_Client/hash_core_Client/fifo_generator_8/<hidden>/<hidden>/<hidden>/<hidden>/<hidden>/<hidden>
  -------------------------------------------------------------------    -------------------
    SLICE_X19Y22         FDRE (Prop_fdre_C_Q)         0.141     1.508 r  Kyber_Client/hash_core_Client/fifo_generator_8/<hidden>/<hidden>/<hidden>/<hidden>/<hidden>/<hidden>
                         net (fo=50, routed)          0.242     1.749    Kyber_Client/hash_core_Client/fifo_generator_8/<hidden>/<hidden>/<hidden>/<hidden>/<hidden>/<hidden>/<hidden>
    SLICE_X18Y22         RAMD32                                       r  Kyber_Client/hash_core_Client/fifo_generator_8/<hidden>/<hidden>/<hidden>/<hidden>/<hidden>/<hidden>/<hidden>
  -------------------------------------------------------------------    -------------------

                         (clock clk rise edge)        0.000     0.000 r  
    K18                                               0.000     0.000 r  clk (IN)
                         net (fo=0)                   0.000     0.000    clk
    K18                  IBUF (Prop_ibuf_I_O)         0.348     0.348 r  clk_IBUF_inst/O
                         net (fo=1, routed)           0.685     1.033    clk_IBUF
    BUFGCTRL_X0Y0        BUFG (Prop_bufg_I_O)         0.029     1.062 r  clk_IBUF_BUFG_inst/O
                         net (fo=5366, routed)        0.818     1.880    Kyber_Client/hash_core_Client/fifo_generator_8/<hidden>/<hidden>/<hidden>/<hidden>/<hidden>/<hidden>/<hidden>
    SLICE_X18Y22         RAMD32                                       r  Kyber_Client/hash_core_Client/fifo_generator_8/<hidden>/<hidden>/<hidden>/<hidden>/<hidden>/<hidden>/<hidden>
                         clock pessimism             -0.500     1.380    
    SLICE_X18Y22         RAMD32 (Hold_ramd32_CLK_WADR0)
                                                      0.310     1.690    Kyber_Client/hash_core_Client/fifo_generator_8/<hidden>/<hidden>/<hidden>/<hidden>/<hidden>/<hidden>/<hidden>
  -------------------------------------------------------------------
                         required time                         -1.690    
                         arrival time                           1.749    
  -------------------------------------------------------------------
                         slack                                  0.060    

Slack (MET) :             0.060ns  (arrival time - required time)
  Source:                 Kyber_Client/hash_core_Client/fifo_generator_8/<hidden>/<hidden>/<hidden>/<hidden>/<hidden>/<hidden>
                            (rising edge-triggered cell FDRE clocked by clk  {rise@0.000ns fall@3.000ns period=6.000ns})
  Destination:            Kyber_Client/hash_core_Client/fifo_generator_8/<hidden>/<hidden>/<hidden>/<hidden>/<hidden>/<hidden>/<hidden>
                            (rising edge-triggered cell RAMD32 clocked by clk  {rise@0.000ns fall@3.000ns period=6.000ns})
  Path Group:             clk
  Path Type:              Hold (Min at Fast Process Corner)
  Requirement:            0.000ns  (clk rise@0.000ns - clk rise@0.000ns)
  Data Path Delay:        0.383ns  (logic 0.141ns (36.846%)  route 0.242ns (63.154%))
  Logic Levels:           0  
  Clock Path Skew:        0.013ns (DCD - SCD - CPR)
    Destination Clock Delay (DCD):    1.880ns
    Source Clock Delay      (SCD):    1.367ns
    Clock Pessimism Removal (CPR):    0.500ns

    Location             Delay type                Incr(ns)  Path(ns)    Netlist Resource(s)
  -------------------------------------------------------------------    -------------------
                         (clock clk rise edge)        0.000     0.000 r  
    K18                                               0.000     0.000 r  clk (IN)
                         net (fo=0)                   0.000     0.000    clk
    K18                  IBUF (Prop_ibuf_I_O)         0.160     0.160 r  clk_IBUF_inst/O
                         net (fo=1, routed)           0.631     0.791    clk_IBUF
    BUFGCTRL_X0Y0        BUFG (Prop_bufg_I_O)         0.026     0.817 r  clk_IBUF_BUFG_inst/O
                         net (fo=5366, routed)        0.550     1.367    Kyber_Client/hash_core_Client/fifo_generator_8/<hidden>/<hidden>/<hidden>/<hidden>/<hidden>/<hidden>
    SLICE_X19Y22         FDRE                                         r  Kyber_Client/hash_core_Client/fifo_generator_8/<hidden>/<hidden>/<hidden>/<hidden>/<hidden>/<hidden>
  -------------------------------------------------------------------    -------------------
    SLICE_X19Y22         FDRE (Prop_fdre_C_Q)         0.141     1.508 r  Kyber_Client/hash_core_Client/fifo_generator_8/<hidden>/<hidden>/<hidden>/<hidden>/<hidden>/<hidden>
                         net (fo=50, routed)          0.242     1.749    Kyber_Client/hash_core_Client/fifo_generator_8/<hidden>/<hidden>/<hidden>/<hidden>/<hidden>/<hidden>/<hidden>
    SLICE_X18Y22         RAMD32                                       r  Kyber_Client/hash_core_Client/fifo_generator_8/<hidden>/<hidden>/<hidden>/<hidden>/<hidden>/<hidden>/<hidden>
  -------------------------------------------------------------------    -------------------

                         (clock clk rise edge)        0.000     0.000 r  
    K18                                               0.000     0.000 r  clk (IN)
                         net (fo=0)                   0.000     0.000    clk
    K18                  IBUF (Prop_ibuf_I_O)         0.348     0.348 r  clk_IBUF_inst/O
                         net (fo=1, routed)           0.685     1.033    clk_IBUF
    BUFGCTRL_X0Y0        BUFG (Prop_bufg_I_O)         0.029     1.062 r  clk_IBUF_BUFG_inst/O
                         net (fo=5366, routed)        0.818     1.880    Kyber_Client/hash_core_Client/fifo_generator_8/<hidden>/<hidden>/<hidden>/<hidden>/<hidden>/<hidden>/<hidden>
    SLICE_X18Y22         RAMD32                                       r  Kyber_Client/hash_core_Client/fifo_generator_8/<hidden>/<hidden>/<hidden>/<hidden>/<hidden>/<hidden>/<hidden>
                         clock pessimism             -0.500     1.380    
    SLICE_X18Y22         RAMD32 (Hold_ramd32_CLK_WADR0)
                                                      0.310     1.690    Kyber_Client/hash_core_Client/fifo_generator_8/<hidden>/<hidden>/<hidden>/<hidden>/<hidden>/<hidden>/<hidden>
  -------------------------------------------------------------------
                         required time                         -1.690    
                         arrival time                           1.749    
  -------------------------------------------------------------------
                         slack                                  0.060    





Pulse Width Checks
--------------------------------------------------------------------------------------
Clock Name:         clk
Waveform(ns):       { 0.000 3.000 }
Period(ns):         6.000
Sources:            { clk }

Check Type        Corner  Lib Pin             Reference Pin  Required(ns)  Actual(ns)  Slack(ns)  Location      Pin
Min Period        n/a     RAMB18E1/CLKARDCLK  n/a            2.944         6.000       3.056      RAMB18_X0Y4   Kyber_Client/NTT_core_Client/blk_mem_gen_0/<hidden>/<hidden>/<hidden>/<hidden>/<hidden>/<hidden>
Min Period        n/a     RAMB18E1/CLKBWRCLK  n/a            2.944         6.000       3.056      RAMB18_X0Y4   Kyber_Client/NTT_core_Client/blk_mem_gen_0/<hidden>/<hidden>/<hidden>/<hidden>/<hidden>/<hidden>
Min Period        n/a     RAMB18E1/CLKARDCLK  n/a            2.944         6.000       3.056      RAMB18_X0Y5   Kyber_Client/NTT_core_Client/blk_mem_gen_0_HD2/<hidden>/<hidden>/<hidden>/<hidden>/<hidden>/<hidden>
Min Period        n/a     RAMB18E1/CLKBWRCLK  n/a            2.944         6.000       3.056      RAMB18_X0Y5   Kyber_Client/NTT_core_Client/blk_mem_gen_0_HD2/<hidden>/<hidden>/<hidden>/<hidden>/<hidden>/<hidden>
Min Period        n/a     RAMB18E1/CLKARDCLK  n/a            2.944         6.000       3.056      RAMB18_X0Y2   Kyber_Client/NTT_core_Client/blk_mem_gen_2/<hidden>/<hidden>/<hidden>/<hidden>/<hidden>/<hidden>
Min Period        n/a     RAMB18E1/CLKBWRCLK  n/a            2.944         6.000       3.056      RAMB18_X0Y2   Kyber_Client/NTT_core_Client/blk_mem_gen_2/<hidden>/<hidden>/<hidden>/<hidden>/<hidden>/<hidden>
Min Period        n/a     RAMB18E1/CLKARDCLK  n/a            2.944         6.000       3.056      RAMB18_X0Y3   Kyber_Client/NTT_core_Client/blk_mem_gen_2_HD10/<hidden>/<hidden>/<hidden>/<hidden>/<hidden>/<hidden>
Min Period        n/a     RAMB18E1/CLKBWRCLK  n/a            2.944         6.000       3.056      RAMB18_X0Y3   Kyber_Client/NTT_core_Client/blk_mem_gen_2_HD10/<hidden>/<hidden>/<hidden>/<hidden>/<hidden>/<hidden>
Min Period        n/a     RAMB36E1/CLKARDCLK  n/a            2.944         6.000       3.056      RAMB36_X0Y0   Kyber_Client/NTT_core_Client/blk_mem_gen_1/<hidden>/<hidden>/<hidden>/<hidden>/<hidden>/<hidden>
Min Period        n/a     RAMB36E1/CLKBWRCLK  n/a            2.944         6.000       3.056      RAMB36_X0Y0   Kyber_Client/NTT_core_Client/blk_mem_gen_1/<hidden>/<hidden>/<hidden>/<hidden>/<hidden>/<hidden>
Low Pulse Width   Slow    RAMD64E/CLK         n/a            1.250         3.000       1.750      SLICE_X28Y19  Kyber_Client/fifo_generator_6/<hidden>/<hidden>/<hidden>/<hidden>/<hidden>/<hidden>/<hidden>
Low Pulse Width   Fast    RAMD64E/CLK         n/a            1.250         3.000       1.750      SLICE_X28Y19  Kyber_Client/fifo_generator_6/<hidden>/<hidden>/<hidden>/<hidden>/<hidden>/<hidden>/<hidden>
Low Pulse Width   Slow    RAMD64E/CLK         n/a            1.250         3.000       1.750      SLICE_X28Y19  Kyber_Client/fifo_generator_6/<hidden>/<hidden>/<hidden>/<hidden>/<hidden>/<hidden>/<hidden>
Low Pulse Width   Fast    RAMD64E/CLK         n/a            1.250         3.000       1.750      SLICE_X28Y19  Kyber_Client/fifo_generator_6/<hidden>/<hidden>/<hidden>/<hidden>/<hidden>/<hidden>/<hidden>
Low Pulse Width   Slow    RAMD64E/CLK         n/a            1.250         3.000       1.750      SLICE_X28Y19  Kyber_Client/fifo_generator_6/<hidden>/<hidden>/<hidden>/<hidden>/<hidden>/<hidden>/<hidden>
Low Pulse Width   Fast    RAMD64E/CLK         n/a            1.250         3.000       1.750      SLICE_X28Y19  Kyber_Client/fifo_generator_6/<hidden>/<hidden>/<hidden>/<hidden>/<hidden>/<hidden>/<hidden>
Low Pulse Width   Slow    RAMD64E/CLK         n/a            1.250         3.000       1.750      SLICE_X28Y19  Kyber_Client/fifo_generator_6/<hidden>/<hidden>/<hidden>/<hidden>/<hidden>/<hidden>/<hidden>
Low Pulse Width   Fast    RAMD64E/CLK         n/a            1.250         3.000       1.750      SLICE_X28Y19  Kyber_Client/fifo_generator_6/<hidden>/<hidden>/<hidden>/<hidden>/<hidden>/<hidden>/<hidden>
Low Pulse Width   Slow    RAMD64E/CLK         n/a            1.250         3.000       1.750      SLICE_X26Y23  Kyber_Client/fifo_generator_6/<hidden>/<hidden>/<hidden>/<hidden>/<hidden>/<hidden>/<hidden>
Low Pulse Width   Fast    RAMD64E/CLK         n/a            1.250         3.000       1.750      SLICE_X26Y23  Kyber_Client/fifo_generator_6/<hidden>/<hidden>/<hidden>/<hidden>/<hidden>/<hidden>/<hidden>
High Pulse Width  Slow    RAMD64E/CLK         n/a            1.250         3.000       1.750      SLICE_X28Y19  Kyber_Client/fifo_generator_6/<hidden>/<hidden>/<hidden>/<hidden>/<hidden>/<hidden>/<hidden>
High Pulse Width  Fast    RAMD64E/CLK         n/a            1.250         3.000       1.750      SLICE_X28Y19  Kyber_Client/fifo_generator_6/<hidden>/<hidden>/<hidden>/<hidden>/<hidden>/<hidden>/<hidden>
High Pulse Width  Slow    RAMD64E/CLK         n/a            1.250         3.000       1.750      SLICE_X28Y19  Kyber_Client/fifo_generator_6/<hidden>/<hidden>/<hidden>/<hidden>/<hidden>/<hidden>/<hidden>
High Pulse Width  Fast    RAMD64E/CLK         n/a            1.250         3.000       1.750      SLICE_X28Y19  Kyber_Client/fifo_generator_6/<hidden>/<hidden>/<hidden>/<hidden>/<hidden>/<hidden>/<hidden>
High Pulse Width  Slow    RAMD64E/CLK         n/a            1.250         3.000       1.750      SLICE_X28Y19  Kyber_Client/fifo_generator_6/<hidden>/<hidden>/<hidden>/<hidden>/<hidden>/<hidden>/<hidden>
High Pulse Width  Fast    RAMD64E/CLK         n/a            1.250         3.000       1.750      SLICE_X28Y19  Kyber_Client/fifo_generator_6/<hidden>/<hidden>/<hidden>/<hidden>/<hidden>/<hidden>/<hidden>
High Pulse Width  Slow    RAMD64E/CLK         n/a            1.250         3.000       1.750      SLICE_X28Y19  Kyber_Client/fifo_generator_6/<hidden>/<hidden>/<hidden>/<hidden>/<hidden>/<hidden>/<hidden>
High Pulse Width  Fast    RAMD64E/CLK         n/a            1.250         3.000       1.750      SLICE_X28Y19  Kyber_Client/fifo_generator_6/<hidden>/<hidden>/<hidden>/<hidden>/<hidden>/<hidden>/<hidden>
High Pulse Width  Slow    RAMD64E/CLK         n/a            1.250         3.000       1.750      SLICE_X26Y23  Kyber_Client/fifo_generator_6/<hidden>/<hidden>/<hidden>/<hidden>/<hidden>/<hidden>/<hidden>
High Pulse Width  Fast    RAMD64E/CLK         n/a            1.250         3.000       1.750      SLICE_X26Y23  Kyber_Client/fifo_generator_6/<hidden>/<hidden>/<hidden>/<hidden>/<hidden>/<hidden>/<hidden>



